Cell_id	Site01	Site02	Site03
step9_MTr_44btmtxi46cfowc9syvd_cell6	R-17	R-3	R-2
step9_MTr_dv2s451wzf8ww51y74bw_cell6	R-17	R-8	R-3
step9_ExE_nibp8ht25gt3rmx9o78s_cell10	R-17	R-5	R-39
step9_ExE_1ydq5j6hqtviq3szwye8_cell21	R-17	R-8	R-3
step9_VE_iblms369zydmqt8amgrd_cell4	R-17	R-8	R-3
step9_VE_i6npw3bak618i1y16f5d_cell2	R-17	R-8	R-3
step9_ExE_hqiwx4qppiczqyrmrhlu_cell2	R-17	R-8	R-3
step9_ExEc_28yb9pgez73wp6bfoxpp_cell14	R-17	R-8	R-67
step9_ExE_1ydq5j6hqtviq3szwye8_cell32	R-17	R-5	R-39
step9_ExEc_os9ehd1zh2z9fdsjln4g_cell1	R-17	0	R-2
step9_VE_iblms369zydmqt8amgrd_cell27	R-17	R-8	R-3
step9_ExEc_28yb9pgez73wp6bfoxpp_cell27	R-17	R-8	R-3
step9_MTr_44btmtxi46cfowc9syvd_cell39	R-17	R-8	R-3
step9_VE_iblms369zydmqt8amgrd_cell28	R-17	R-16	R-2
step9_ExE_1ydq5j6hqtviq3szwye8_cell15	R-17	R-16	R-2
step9_Foregut1_vdqe4sttl8x4tibsrkan_cell4	R-17	R-5	R-88
step9_ExE_dt43yh3gij1w2up49fpj_cell2	R-17	R-5	R-5
step9_ExE_dt43yh3gij1w2up49fpj_cell13	R-17	R-8	R-3
step9_Foregut1_vdqe4sttl8x4tibsrkan_cell26	R-17	R-5	R-39
step9_VE_dt1zyooaebih7jfyog3r_cell33	R-17	R-8	R-3
step9_VE_kewg3vf3pyzl626kck29_cell10	R-17	R-16	R-2
step9_ExEc_zwtydq6cdu36vroqak71_cell4	R-17	R-46	R-2
step9_ExE_nibp8ht25gt3rmx9o78s_cell11	R-17	R-16	R-2
step9_VE_dt1zyooaebih7jfyog3r_cell5	R-17	R-16	R-2
step9_ExE_nibp8ht25gt3rmx9o78s_cell39	R-17	R-16	R-2
step9_ExE_nibp8ht25gt3rmx9o78s_cell24	R-17	R-8	R-3
step9_ExE_4jh7vjt1mslnqxw7uaro_cell2	R-17	R-8	R-3
step9_VE_dt1zyooaebih7jfyog3r_cell30	R-17	R-8	R-3
step9_ExEc_28yb9pgez73wp6bfoxpp_cell10	R-17	R-8	R-3
step9_VE_fp7uuy3ecudnfyzvtnmf_cell1	R-17	R-16	R-2
step9_ExEc_wsgftfkniik728dyrozi_cell34	R-17	R-8	R-11
step9_Foregut1_vdqe4sttl8x4tibsrkan_cell8	R-17	R-5	R-5
step9_VE_kewg3vf3pyzl626kck29_cell2	R-17	R-16	R-2
step9_VE_dt1zyooaebih7jfyog3r_cell14	R-17	R-16	R-2
step9_ExEc_395sj8rhhjgcbgiphgxr_cell2	R-17	R-8	R-3
step9_ExEc_28yb9pgez73wp6bfoxpp_cell23	R-17	R-8	R-3
step9_ExE_1ydq5j6hqtviq3szwye8_cell6	R-17	R-5	R-5
step9_ExE_1ydq5j6hqtviq3szwye8_cell2	R-17	R-5	R-5
step9_ExEc_wsgftfkniik728dyrozi_cell13	R-17	R-8	R-3
step9_ExE_nibp8ht25gt3rmx9o78s_cell14	R-17	R-5	R-32
step9_Foregut1_vdqe4sttl8x4tibsrkan_cell29	R-17	R-5	R-1
step9_VE_dt1zyooaebih7jfyog3r_cell22	R-17	R-16	R-2
step9_ExEc_ee47pq1arpwcxmrb8dby_cell1	R-17	R-8	R-3
step9_ExEc_wsgftfkniik728dyrozi_cell2	R-17	R-8	R-3
step9_ExEc_ee47pq1arpwcxmrb8dby_cell4	R-17	R-8	R-3
step9_ExE_1ydq5j6hqtviq3szwye8_cell12	R-17	R-5	R-56
step9_VE_iblms369zydmqt8amgrd_cell2	R-17	R-5	R-3
step9_ExEc_zwtydq6cdu36vroqak71_cell3	R-17	R-8	R-3
step9_VE_iblms369zydmqt8amgrd_cell26	R-17	R-5	R-2
step9_Al_yorklxqdhms66yfz43ce_cell36	R-17	R-8	R-3
step9_LM_ummziu8je45t8bwd1ssi_cell32	R-17	R-8	R-3
step9_Foregut1_vdqe4sttl8x4tibsrkan_cell42	R-17	R-5	R-2
step9_Foregut1_9gaulrk46n65yqmvzw8y_cell4	R-17	R-5	R-2
step9_VE_p84e94ax4x7bjujxy7ue_cell4	R-17	R-5	R-2
step9_VE_dt1zyooaebih7jfyog3r_cell10	R-17	R-8	R-3
step9_ExEc_28yb9pgez73wp6bfoxpp_cell1	R-17	R-8	R-3
step9_ExE_nibp8ht25gt3rmx9o78s_cell17	R-17	R-8	R-3
step9_ExEc_wsgftfkniik728dyrozi_cell14	R-17	R-8	R-3
step9_ExE_1ydq5j6hqtviq3szwye8_cell24	R-17	R-8	R-3
step9_ExE_dt43yh3gij1w2up49fpj_cell9	R-17	R-5	R-39
step9_ExE_1ydq5j6hqtviq3szwye8_cell27	R-17	R-5	R-3
step9_ExE_cvpyd2cjtjzssruojtxr_cell4	R-17	R-5	R-3
step9_ExEc_ee47pq1arpwcxmrb8dby_cell6	R-17	R-8	R-3
step9_ExEc_wsgftfkniik728dyrozi_cell31	R-17	R-8	R-3
step9_ExE_nibp8ht25gt3rmx9o78s_cell30	R-17	R-8	R-3
step9_MTr_dv2s451wzf8ww51y74bw_cell2	R-17	R-8	R-18
step9_LM_ummziu8je45t8bwd1ssi_cell31	R-17	R-5	R-5
step9_PM_heu1eskvkgta3a4cns6m_cell21	R-17	R-8	R-3
step9_ExE_rqkz6gbod1o3uwlmucg1_cell1	R-17	R-8	R-3
step9_ExE_1ydq5j6hqtviq3szwye8_cell23	R-17	R-8	R-3
step9_ExEc_jmclxul2x6fcwgqiymyy_cell7	R-17	R-8	R-4
step9_ExE_1ydq5j6hqtviq3szwye8_cell18	R-17	R-5	R-39
step9_MTr_44btmtxi46cfowc9syvd_cell13	R-17	R-8	R-1
step9_ExEc_wsgftfkniik728dyrozi_cell23	R-17	R-8	R-1
step9_ExEc_ykukedzv6n9qqvjc7u2r_cell1	R-17	R-8	0
step9_VE_dt1zyooaebih7jfyog3r_cell4	R-17	R-5	R-5
step9_LM_ummziu8je45t8bwd1ssi_cell59	R-17	R-8	R-3
step9_ExE_dt43yh3gij1w2up49fpj_cell6	R-17	R-5	R-10
step9_VE_dt1zyooaebih7jfyog3r_cell34	R-17	R-5	R-10
step9_VE_iblms369zydmqt8amgrd_cell20	R-17	R-5	R-5
step9_Foregut1_vdqe4sttl8x4tibsrkan_cell10	R-17	R-5	R-5
step9_VE_dt1zyooaebih7jfyog3r_cell13	R-17	R-5	R-3
step9_ExE_1ydq5j6hqtviq3szwye8_cell33	R-17	R-8	R-3
step9_VE_iblms369zydmqt8amgrd_cell30	R-17	R-5	R-10
step9_Foregut1_9gaulrk46n65yqmvzw8y_cell27	R-17	R-5	R-10
step9_RM_s7yljlsdcjgpltg9vsbz_cell15	R-17	R-5	R-39
step9_VE_k4ufema8le74egqgofpb_cell2	R-17	R-8	R-3
step9_ExE_1ydq5j6hqtviq3szwye8_cell30	R-17	R-8	R-3
step9_ExE_nibp8ht25gt3rmx9o78s_cell26	R-17	R-8	R-3
step9_VE_iblms369zydmqt8amgrd_cell16	R-17	R-5	R-88
step9_ExE_dt43yh3gij1w2up49fpj_cell10	R-17	R-8	R-3
step9_ExE_nibp8ht25gt3rmx9o78s_cell16	R-17	R-8	R-3
step9_ExE_nibp8ht25gt3rmx9o78s_cell29	R-17	R-8	R-3
step9_VE_iblms369zydmqt8amgrd_cell12	R-17	R-8	R-3
step9_VE_dt1zyooaebih7jfyog3r_cell6	R-17	R-8	R-3
step9_ExE_ob1pnjghulpjawsagdrf_cell1	R-17	R-5	R-88
step9_ExE_rqkz6gbod1o3uwlmucg1_cell2	R-17	R-5	R-88
step9_ExEc_wsgftfkniik728dyrozi_cell28	R-17	R-8	R-29
step9_ExE_1ydq5j6hqtviq3szwye8_cell17	R-17	R-5	R-88
step9_MTr_dv2s451wzf8ww51y74bw_cell3	R-17	R-8	R-3
step9_MTr_61rwktv5g75j1vntxmrl_cell4	R-17	R-8	R-3
step9_PM_kpdnxg85a5qombh983pv_cell3	R-17	R-8	R-3
step9_ExEc_28yb9pgez73wp6bfoxpp_cell24	R-17	R-8	R-1
step9_ExEc_28yb9pgez73wp6bfoxpp_cell13	R-17	R-8	R-54
step9_ExEc_wsgftfkniik728dyrozi_cell22	R-17	R-8	R-11
step9_ExE_1ydq5j6hqtviq3szwye8_cell5	R-17	R-5	R-5
step9_ExEc_wsgftfkniik728dyrozi_cell30	R-17	R-46	R-2
step9_ExE_cvpyd2cjtjzssruojtxr_cell1	R-17	R-5	R-5
step9_ExE_dt43yh3gij1w2up49fpj_cell3	R-17	R-5	R-5
step9_SE_4px85t8ebc9pblit7nfo_cell3	R-17	R-8	R-3
step9_ExEc_wsgftfkniik728dyrozi_cell6	R-17	R-8	R-3
step9_ExEc_wsgftfkniik728dyrozi_cell29	R-17	R-8	R-3
step9_MTr_44btmtxi46cfowc9syvd_cell31	R-17	R-43	R-2
step9_LM_ummziu8je45t8bwd1ssi_cell45	R-17	R-8	R-3
step9_Foregut_bnowzacs3e9lx8c7ierz_cell2	R-17	R-8	R-3
step9_Node_o8nez1z564u4bgkfoi8m_cell10	R-17	R-8	R-15
step9_VE_p84e94ax4x7bjujxy7ue_cell5	R-17	R-8	R-3
step9_VE_fp7uuy3ecudnfyzvtnmf_cell2	R-17	R-8	R-3
step9_NP_hbtadfkyg2wtsu5zw2c1_cell1	R-17	R-8	R-15
step9_SE_yw3ew6vii1be2orhxeb8_cell28	R-17	R-8	R-15
step9_ExEc_ee47pq1arpwcxmrb8dby_cell3	R-17	R-8	R-3
step9_ExEc_jmclxul2x6fcwgqiymyy_cell2	R-17	R-8	R-3
step9_ExE_nibp8ht25gt3rmx9o78s_cell34	R-17	R-5	R-39
step9_NP_vlugemo4cu261xpcfn4j_cell15	R-17	R-5	R-2
step9_CMy_qvd1xogbwba9rj7uj5mk_cell39	R-17	R-5	R-2
step9_ExE_nibp8ht25gt3rmx9o78s_cell12	R-17	R-16	R-2
step9_ExE_dt43yh3gij1w2up49fpj_cell7	R-17	R-16	R-2
step9_MTr_dv2s451wzf8ww51y74bw_cell15	R-17	R-17	R-2
step9_ExEc_os9ehd1zh2z9fdsjln4g_cell5	R-17	R-8	R-16
step9_ExEc_dcz7elor546xxjdf2zwg_cell2	R-17	R-8	0
step9_Foregut1_vdqe4sttl8x4tibsrkan_cell3	R-17	R-5	R-5
step9_PM_kpdnxg85a5qombh983pv_cell38	R-17	R-8	R-15
step9_VE_dt1zyooaebih7jfyog3r_cell20	R-17	R-16	R-2
step9_VE_iblms369zydmqt8amgrd_cell13	R-17	R-16	R-2
step9_Foregut1_9gaulrk46n65yqmvzw8y_cell11	R-17	R-16	R-2
step9_PM_4wybcp8sjowpblyxkdaz_cell9	R-17	R-5	R-2
step9_SE_4px85t8ebc9pblit7nfo_cell19	R-17	R-5	R-2
step9_Node_o8nez1z564u4bgkfoi8m_cell11	R-17	R-8	R-3
step9_VE_dt1zyooaebih7jfyog3r_cell7	R-17	R-16	R-2
step9_Foregut_lhbxjqv3ixy35wujppe8_cell4	R-17	R-8	R-3
step9_MTr_99bpipxlo89jvcp2vr46_cell3	R-17	R-8	R-3
step9_ExE_1ydq5j6hqtviq3szwye8_cell9	R-17	R-5	R-2
step9_ExE_dt43yh3gij1w2up49fpj_cell4	R-17	R-5	R-2
step9_Foregut_64itb6yij735r7vqfut3_cell21	R-17	R-8	R-15
step9_A/C_ds2q4kalqkri4b1byfoj_cell28	R-17	R-8	R-15
step9_PM_kpdnxg85a5qombh983pv_cell1	R-17	R-8	R-15
step9_SE_gj8xc1nruazati5qe6vo_cell4	R-17	R-8	R-15
step9_MTr_dv2s451wzf8ww51y74bw_cell24	R-17	R-8	R-3
step9_MTr_dv2s451wzf8ww51y74bw_cell14	R-17	R-8	R-3
step9_ExE_nibp8ht25gt3rmx9o78s_cell23	R-17	R-8	R-3
step9_VE_iblms369zydmqt8amgrd_cell14	R-17	R-8	R-15
step9_Foregut1_vdqe4sttl8x4tibsrkan_cell18	R-17	R-8	R-15
step9_ExE_1ydq5j6hqtviq3szwye8_cell22	R-17	R-16	R-2
step9_Al_z54k2mn1kspqdfxi1pdr_cell16	R-17	R-8	R-15
step9_MTr_61rwktv5g75j1vntxmrl_cell9	R-17	R-11	R-2
step9_RM_truofavbwy8t6xfngi6p_cell1	R-17	R-8	R-3
step9_MTr_428ce488499ho5osykg3_cell1	R-17	R-8	R-15
step9_NP_s8bfpphce7f5n4q9qnv1_cell1	R-17	R-5	R-39
step9_ExEc_28yb9pgez73wp6bfoxpp_cell3	R-17	R-8	R-3
step9_Foregut_5pd1g2sm4l6dpcwuqwdd_cell2	R-17	R-8	R-3
step9_A/C_aqxukpwbp9bfzyy33zt9_cell8	R-17	R-8	R-3
step9_LM_ummziu8je45t8bwd1ssi_cell17	R-17	R-8	R-3
step9_MTr_tox4gofgzxkyggtufbv7_cell2	R-17	R-8	R-18
step9_MTr_44btmtxi46cfowc9syvd_cell38	R-17	R-8	R-18
step9_Foregut1_vdqe4sttl8x4tibsrkan_cell5	R-17	R-8	R-3
step9_VE_iblms369zydmqt8amgrd_cell34	R-17	R-5	R-142
step9_VE_iblms369zydmqt8amgrd_cell9	R-17	R-5	R-142
step9_ExEc_jmclxul2x6fcwgqiymyy_cell9	R-17	R-8	R-3
step9_VE_p84e94ax4x7bjujxy7ue_cell1	R-17	R-8	R-15
step9_VE_dt1zyooaebih7jfyog3r_cell12	R-17	R-8	R-15
step9_VE_dt1zyooaebih7jfyog3r_cell17	R-17	R-8	R-15
step9_VE_iblms369zydmqt8amgrd_cell33	R-17	R-8	R-15
step9_PM_kpdnxg85a5qombh983pv_cell57	R-17	R-8	R-3
step9_Foregut1_vdqe4sttl8x4tibsrkan_cell24	R-17	R-5	R-39
step9_VE_iblms369zydmqt8amgrd_cell29	R-17	R-5	R-39
step9_Foregut_64itb6yij735r7vqfut3_cell65	R-17	R-8	R-3
step9_PM_kpdnxg85a5qombh983pv_cell11	R-17	R-8	R-3
step9_Foregut_bnowzacs3e9lx8c7ierz_cell4	R-17	R-5	R-3
step9_MTr_tdg6knmclo92cua8lq8b_cell3	R-17	R-8	R-3
step9_Foregut1_vdqe4sttl8x4tibsrkan_cell13	R-17	R-5	R-5
step9_ExEc_395sj8rhhjgcbgiphgxr_cell3	R-17	R-8	R-3
step9_NP_16cyihvimym522jcuaby_cell6	R-17	R-16	R-2
step9_A/C_ds2q4kalqkri4b1byfoj_cell52	R-17	R-16	R-2
step9_Node_kvpbk7oi2ydniesu7m28_cell23	R-17	R-16	R-2
step9_PM_4wybcp8sjowpblyxkdaz_cell8	R-17	R-5	R-1
step9_NP_hit8gicey5zr7mbaajge_cell11	R-17	R-5	R-14
step9_LM_ummziu8je45t8bwd1ssi_cell7	R-17	R-5	R-6
step9_LM_ummziu8je45t8bwd1ssi_cell52	R-17	R-5	R-29
step9_Foregut_64itb6yij735r7vqfut3_cell49	R-17	R-16	R-2
step9_Node_bh314u99snu3vvkkjrzy_cell3	R-17	R-16	R-2
step9_SE_4px85t8ebc9pblit7nfo_cell20	R-17	R-8	R-15
step9_SE_yw3ew6vii1be2orhxeb8_cell41	R-17	R-5	R-5
step9_ExEc_jmclxul2x6fcwgqiymyy_cell11	R-17	R-8	R-3
step9_ExEc_28yb9pgez73wp6bfoxpp_cell11	R-17	R-8	R-3
step9_Foregut1_9gaulrk46n65yqmvzw8y_cell1	R-17	R-8	R-3
step9_Node_o8nez1z564u4bgkfoi8m_cell27	R-17	R-8	R-15
step9_A/C_aqxukpwbp9bfzyy33zt9_cell12	R-17	R-8	R-15
step9_SE_yw3ew6vii1be2orhxeb8_cell29	R-17	R-8	R-3
step9_Foregut_64itb6yij735r7vqfut3_cell56	R-17	R-8	R-3
step9_MTr_44btmtxi46cfowc9syvd_cell2	R-17	R-8	R-18
step9_CMy_qvd1xogbwba9rj7uj5mk_cell60	R-17	R-8	R-15
step9_Ery2_zw9lmt4zufshxoc82duc_cell33	R-17	R-8	R-3
step9_Al_yorklxqdhms66yfz43ce_cell58	R-17	R-5	R-2
step9_MTr_44btmtxi46cfowc9syvd_cell24	R-17	R-8	R-3
step9_ExE_1ydq5j6hqtviq3szwye8_cell11	R-17	R-8	R-3
step9_ExE_nibp8ht25gt3rmx9o78s_cell32	R-17	R-8	R-3
step9_ExEc_wsgftfkniik728dyrozi_cell35	R-17	R-2	R-2
step9_ExEc_wsgftfkniik728dyrozi_cell26	R-17	R-5	R-2
step9_Foregut_p15z9c326s599aze2mq2_cell1	R-17	R-5	R-39
step9_Ery2_wkuorw7cjueod1jo39ov_cell6	R-17	R-5	R-39
step9_ExE_1ydq5j6hqtviq3szwye8_cell4	R-17	R-16	R-2
step9_ExE_cvpyd2cjtjzssruojtxr_cell2	R-17	R-16	R-2
step9_ExE_1ydq5j6hqtviq3szwye8_cell7	R-17	R-8	R-3
step9_Al_yorklxqdhms66yfz43ce_cell21	R-17	R-8	R-3
step9_Al_yorklxqdhms66yfz43ce_cell12	R-17	R-8	R-3
step9_Foregut_64itb6yij735r7vqfut3_cell26	R-17	R-8	R-3
step9_MTr_44btmtxi46cfowc9syvd_cell15	R-17	R-8	R-3
step9_CMy_8cwhctqtitt969yivr3t_cell8	R-17	R-8	R-15
step9_Node_kvpbk7oi2ydniesu7m28_cell30	R-17	R-8	R-3
step9_CMy_qvd1xogbwba9rj7uj5mk_cell21	R-17	R-8	R-3
step9_Foregut_64itb6yij735r7vqfut3_cell1	R-17	R-8	R-15
step9_Foregut_64itb6yij735r7vqfut3_cell4	R-17	R-8	R-15
step9_Foregut1_vdqe4sttl8x4tibsrkan_cell6	R-17	R-5	R-2
step9_Foregut1_3ae9425majht8ho62hhe_cell4	R-17	R-5	R-2
step9_VE_kewg3vf3pyzl626kck29_cell14	R-17	R-5	R-23
step9_ExE_1ydq5j6hqtviq3szwye8_cell3	R-17	R-8	R-3
step9_SE_4px85t8ebc9pblit7nfo_cell18	R-17	R-8	R-15
step9_ExEc_28yb9pgez73wp6bfoxpp_cell19	R-17	R-8	R-3
step9_ExEc_jmclxul2x6fcwgqiymyy_cell8	R-17	R-8	R-3
step9_VE_dt1zyooaebih7jfyog3r_cell27	R-17	R-8	R-3
step9_VE_dt1zyooaebih7jfyog3r_cell11	R-17	R-8	R-3
step9_VE_kewg3vf3pyzl626kck29_cell4	R-17	R-5	R-5
step9_VE_dt1zyooaebih7jfyog3r_cell16	R-17	R-5	R-5
step9_SE_yw3ew6vii1be2orhxeb8_cell34	R-17	R-8	R-15
step9_NP_vlugemo4cu261xpcfn4j_cell4	R-17	R-5	R-2
step9_ExE_1ydq5j6hqtviq3szwye8_cell25	R-17	R-8	R-3
step9_ExE_nibp8ht25gt3rmx9o78s_cell33	R-17	R-8	R-3
step9_ExE_nibp8ht25gt3rmx9o78s_cell4	R-17	R-8	R-3
step9_CMy_qvd1xogbwba9rj7uj5mk_cell41	R-17	R-8	R-15
step9_ExEc_wsgftfkniik728dyrozi_cell21	R-17	R-8	R-3
step9_ExE_1ydq5j6hqtviq3szwye8_cell8	R-17	R-8	R-3
step9_SE_yw3ew6vii1be2orhxeb8_cell13	R-17	R-8	R-15
step9_NP_vlugemo4cu261xpcfn4j_cell17	R-17	R-8	R-15
step9_PM_kpdnxg85a5qombh983pv_cell55	R-17	R-8	R-15
step9_PM_kpdnxg85a5qombh983pv_cell17	R-17	R-5	R-2
step9_PM_kpdnxg85a5qombh983pv_cell32	R-17	R-5	R-2
step9_Foregut1_gudjywy141fkwd599nkx_cell1	R-17	R-16	R-2
step9_Foregut1_9gaulrk46n65yqmvzw8y_cell9	R-17	R-16	R-2
step9_Foregut1_vdqe4sttl8x4tibsrkan_cell9	R-17	R-8	R-3
step9_VE_iblms369zydmqt8amgrd_cell19	R-17	R-8	R-3
step9_RM_s7yljlsdcjgpltg9vsbz_cell17	R-17	R-8	R-3
step9_ExE_1ydq5j6hqtviq3szwye8_cell34	R-17	R-8	R-3
step9_ExE_1ydq5j6hqtviq3szwye8_cell26	R-17	R-8	R-3
step9_VE_fp7uuy3ecudnfyzvtnmf_cell3	R-17	R-8	R-15
step9_PM_kpdnxg85a5qombh983pv_cell4	R-17	R-5	R-2
step9_CMy_qvd1xogbwba9rj7uj5mk_cell46	R-17	R-5	R-2
step9_Foregut_bnowzacs3e9lx8c7ierz_cell16	R-17	R-5	R-2
step9_ExEc_jmclxul2x6fcwgqiymyy_cell4	R-17	R-8	R-2
step9_ExEc_28yb9pgez73wp6bfoxpp_cell5	R-17	R-8	R-1
step9_ExEc_28yb9pgez73wp6bfoxpp_cell25	R-17	R-8	R-1
step9_NP_hit8gicey5zr7mbaajge_cell18	R-17	R-5	R-2
step9_Foregut1_vdqe4sttl8x4tibsrkan_cell31	R-17	R-5	R-39
step9_VE_iblms369zydmqt8amgrd_cell10	R-17	R-5	R-39
step9_NP_vlugemo4cu261xpcfn4j_cell19	R-17	R-8	R-15
step9_RM_lzbkx581plse8iq6ldpb_cell7	R-17	R-8	R-3
step9_Al_yorklxqdhms66yfz43ce_cell51	R-17	R-8	R-3
step9_ExE_nibp8ht25gt3rmx9o78s_cell38	R-17	R-5	R-3
step9_ExE_nibp8ht25gt3rmx9o78s_cell15	R-17	R-5	R-29
step9_VE_dt1zyooaebih7jfyog3r_cell21	R-17	R-16	R-2
step9_VE_dt1zyooaebih7jfyog3r_cell36	R-17	R-16	R-2
step9_VE_dt1zyooaebih7jfyog3r_cell19	R-17	R-16	R-2
step9_NP_vlugemo4cu261xpcfn4j_cell31	R-17	R-16	R-2
step9_SE_4px85t8ebc9pblit7nfo_cell16	R-17	R-5	R-39
step9_PM_kpdnxg85a5qombh983pv_cell26	R-17	R-5	R-39
step9_RM_s7yljlsdcjgpltg9vsbz_cell21	R-17	R-8	R-3
step9_Node_o8nez1z564u4bgkfoi8m_cell18	R-17	R-8	R-3
step9_CMy_qvd1xogbwba9rj7uj5mk_cell48	R-17	R-8	R-3
step9_CMy_2ydwxvzgpsvtg3p4gs1m_cell2	R-17	R-8	R-3
step9_Al_z54k2mn1kspqdfxi1pdr_cell10	R-17	R-8	R-3
step9_VE_iblms369zydmqt8amgrd_cell1	R-17	R-5	R-39
step9_Foregut1_9gaulrk46n65yqmvzw8y_cell3	R-17	R-5	R-39
step9_Ery2_wkuorw7cjueod1jo39ov_cell3	R-17	R-5	R-39
step9_Al_yorklxqdhms66yfz43ce_cell49	R-17	R-5	R-39
step9_ExEc_28yb9pgez73wp6bfoxpp_cell28	R-17	R-46	R-2
step9_ExEc_wsgftfkniik728dyrozi_cell17	R-17	R-46	R-2
step9_Al_yorklxqdhms66yfz43ce_cell26	R-17	R-5	R-2
step9_Node_o8nez1z564u4bgkfoi8m_cell7	R-17	R-5	R-2
step9_NP_vlugemo4cu261xpcfn4j_cell8	R-17	R-8	R-3
step9_Node_o8nez1z564u4bgkfoi8m_cell16	R-17	R-5	R-39
step9_Al_z54k2mn1kspqdfxi1pdr_cell2	R-17	R-8	R-3
step9_NP_vlugemo4cu261xpcfn4j_cell5	R-17	R-5	R-2
step9_SE_yw3ew6vii1be2orhxeb8_cell38	R-17	R-5	R-2
step9_ExEc_os9ehd1zh2z9fdsjln4g_cell4	R-17	R-46	R-2
step9_ExEc_wsgftfkniik728dyrozi_cell25	R-17	R-46	R-2
step9_RM_s7yljlsdcjgpltg9vsbz_cell26	R-17	R-8	R-3
step9_Foregut_64itb6yij735r7vqfut3_cell31	R-17	R-16	R-2
step9_VE_iblms369zydmqt8amgrd_cell3	R-17	R-8	R-3
step9_VE_k4ufema8le74egqgofpb_cell1	R-17	R-8	R-3
step9_RM_s7yljlsdcjgpltg9vsbz_cell63	R-17	R-8	R-3
step9_Al_yorklxqdhms66yfz43ce_cell37	R-17	R-8	R-3
step9_A/C_aqxukpwbp9bfzyy33zt9_cell14	R-17	R-8	R-3
step9_SE_4px85t8ebc9pblit7nfo_cell13	R-17	R-5	R-5
step9_NP_16cyihvimym522jcuaby_cell3	R-17	R-8	R-3
step9_CMy_8cwhctqtitt969yivr3t_cell12	R-17	R-8	R-3
step9_Node_kvpbk7oi2ydniesu7m28_cell22	R-17	R-8	R-3
step9_Ery2_zw9lmt4zufshxoc82duc_cell32	R-17	R-8	R-3
step9_VE_dt1zyooaebih7jfyog3r_cell1	R-17	R-8	R-3
step9_A/C_ds2q4kalqkri4b1byfoj_cell8	R-17	R-5	R-5
step9_PM_kpdnxg85a5qombh983pv_cell7	R-17	R-16	R-2
step9_CMy_qvd1xogbwba9rj7uj5mk_cell49	R-17	R-16	R-2
step9_ExE_nibp8ht25gt3rmx9o78s_cell9	R-17	R-8	R-3
step9_ExE_1ydq5j6hqtviq3szwye8_cell19	R-17	R-8	R-3
step9_SE_gj8xc1nruazati5qe6vo_cell3	R-17	R-5	R-1
step9_ExE_nibp8ht25gt3rmx9o78s_cell13	R-17	R-5	R-88
step9_ExEc_28yb9pgez73wp6bfoxpp_cell6	R-17	R-46	R-2
step9_ExEc_jmclxul2x6fcwgqiymyy_cell5	R-17	R-46	R-2
step9_Al_yorklxqdhms66yfz43ce_cell35	R-17	R-8	R-3
step9_RM_fp53fcwab8nflp6mj97o_cell6	R-17	R-8	R-3
step9_Foregut1_3ae9425majht8ho62hhe_cell2	R-17	R-5	R-5
step9_SE_4px85t8ebc9pblit7nfo_cell7	R-17	R-5	R-39
step9_Foregut_64itb6yij735r7vqfut3_cell3	R-17	R-5	R-39
step9_NP_6f42fo31k3ji3gznsnuz_cell2	R-17	R-8	R-3
step9_Al_yorklxqdhms66yfz43ce_cell22	R-17	R-5	R-39
step9_Node_o8nez1z564u4bgkfoi8m_cell4	R-17	R-5	R-2
step9_Node_o8nez1z564u4bgkfoi8m_cell2	R-17	R-8	R-3
step9_Al_yorklxqdhms66yfz43ce_cell68	R-17	R-5	R-5
step9_Foregut_bnowzacs3e9lx8c7ierz_cell11	R-17	R-5	R-5
step9_LM_ummziu8je45t8bwd1ssi_cell55	R-17	R-5	R-1
step9_SE_4px85t8ebc9pblit7nfo_cell11	R-17	R-8	R-3
step9_SE_4px85t8ebc9pblit7nfo_cell25	R-17	R-8	R-3
step9_RM_s7yljlsdcjgpltg9vsbz_cell40	R-17	R-8	R-3
step9_Ery2_m5db6slty57jeyg5idqx_cell18	R-17	R-8	R-3
step9_SE_4px85t8ebc9pblit7nfo_cell4	R-17	R-5	R-1
step9_LM_e9gka63dh53n7ztqvekc_cell3	R-17	R-8	R-3
step9_Foregut_64itb6yij735r7vqfut3_cell46	R-17	R-8	R-3
step9_ExE_1ydq5j6hqtviq3szwye8_cell31	R-17	R-5	R-39
step9_ExE_1ydq5j6hqtviq3szwye8_cell14	R-17	R-5	R-39
step9_LM_ummziu8je45t8bwd1ssi_cell35	R-17	R-8	R-15
step9_A/C_ds2q4kalqkri4b1byfoj_cell64	R-17	R-5	R-5
step9_Al_z54k2mn1kspqdfxi1pdr_cell22	R-17	R-5	R-1
step9_ExEc_zwtydq6cdu36vroqak71_cell2	R-17	R-8	R-3
step9_CMy_qvd1xogbwba9rj7uj5mk_cell63	R-17	R-16	R-2
step9_Foregut_64itb6yij735r7vqfut3_cell2	R-17	R-16	R-2
step9_Al_yorklxqdhms66yfz43ce_cell27	R-17	R-5	R-5
step9_Ery2_zw9lmt4zufshxoc82duc_cell20	R-17	R-8	R-3
step9_LM_ummziu8je45t8bwd1ssi_cell40	R-17	R-8	R-15
step9_LM_qercie7fjaw58haxrm3q_cell3	R-17	R-8	R-3
step9_NP_hit8gicey5zr7mbaajge_cell12	R-17	R-8	R-3
step9_VE_dt1zyooaebih7jfyog3r_cell26	R-17	R-16	R-2
step9_Foregut1_vdqe4sttl8x4tibsrkan_cell16	R-17	R-16	R-2
step9_A/C_ds2q4kalqkri4b1byfoj_cell17	R-17	R-5	R-1
step9_Foregut_lhbxjqv3ixy35wujppe8_cell2	R-17	R-8	R-3
step9_LM_ummziu8je45t8bwd1ssi_cell56	R-17	R-8	R-15
step9_RM_truofavbwy8t6xfngi6p_cell7	R-17	R-8	R-15
step9_LM_ummziu8je45t8bwd1ssi_cell41	R-17	R-8	R-15
step9_SE_yw3ew6vii1be2orhxeb8_cell7	R-17	R-8	R-15
step9_CMy_qvd1xogbwba9rj7uj5mk_cell5	R-17	R-8	R-15
step9_PM_heu1eskvkgta3a4cns6m_cell10	R-17	R-8	R-15
step9_NP_vlugemo4cu261xpcfn4j_cell22	R-17	R-8	R-15
step9_Ery2_zw9lmt4zufshxoc82duc_cell11	R-17	R-8	R-15
step9_ExE_nibp8ht25gt3rmx9o78s_cell21	R-17	R-5	R-5
step9_ExE_nibp8ht25gt3rmx9o78s_cell22	R-17	R-5	R-5
step9_SE_4px85t8ebc9pblit7nfo_cell17	R-17	R-8	R-15
step9_Ery2_zw9lmt4zufshxoc82duc_cell25	R-17	R-8	R-15
step9_MTr_dv2s451wzf8ww51y74bw_cell11	R-17	0	R-2
step9_MTr_61rwktv5g75j1vntxmrl_cell3	R-17	R-8	R-3
step9_Foregut_5pd1g2sm4l6dpcwuqwdd_cell7	R-17	R-5	R-20
step9_PM_kpdnxg85a5qombh983pv_cell53	R-17	R-5	R-1
step9_LM_ummziu8je45t8bwd1ssi_cell33	R-17	R-5	R-39
step9_CMy_8cwhctqtitt969yivr3t_cell6	R-17	R-8	R-3
step9_MTr_44btmtxi46cfowc9syvd_cell19	R-17	R-2	R-2
step9_PM_kpdnxg85a5qombh983pv_cell48	R-17	R-8	R-15
step9_PM_kpdnxg85a5qombh983pv_cell16	R-17	R-8	R-15
step9_Foregut_64itb6yij735r7vqfut3_cell58	R-17	R-5	R-2
step9_Foregut_5pd1g2sm4l6dpcwuqwdd_cell4	R-17	R-8	R-15
step9_CMy_qvd1xogbwba9rj7uj5mk_cell34	R-17	R-5	R-14
step9_ExEc_wsgftfkniik728dyrozi_cell4	R-17	R-8	R-3
step9_MTr_61rwktv5g75j1vntxmrl_cell2	R-17	R-11	R-2
step9_Node_kvpbk7oi2ydniesu7m28_cell8	R-17	R-8	R-3
step9_ExEc_wsgftfkniik728dyrozi_cell1	R-17	R-8	R-43
step9_ExEc_dcz7elor546xxjdf2zwg_cell3	R-17	R-8	0
step9_SE_yw3ew6vii1be2orhxeb8_cell32	R-17	R-5	R-3
step9_Al_yorklxqdhms66yfz43ce_cell66	R-17	R-5	R-2
step9_NP_vlugemo4cu261xpcfn4j_cell28	R-17	R-5	R-2
step9_RM_s7yljlsdcjgpltg9vsbz_cell8	R-17	R-5	R-2
step9_Foregut_bnowzacs3e9lx8c7ierz_cell1	R-17	R-5	R-2
step9_CMy_qvd1xogbwba9rj7uj5mk_cell8	R-17	R-5	R-2
step9_Node_kvpbk7oi2ydniesu7m28_cell16	R-17	R-5	R-2
step9_RM_lzbkx581plse8iq6ldpb_cell11	R-17	R-5	R-2
step9_SE_yw3ew6vii1be2orhxeb8_cell33	R-17	R-5	R-2
step9_ExEc_28yb9pgez73wp6bfoxpp_cell26	R-17	R-8	R-3
step9_ExEc_28yb9pgez73wp6bfoxpp_cell18	R-17	R-8	R-3
step9_Ery2_m5db6slty57jeyg5idqx_cell27	R-17	R-5	R-2
step9_NP_vlugemo4cu261xpcfn4j_cell29	R-17	R-8	R-3
step9_NP_16cyihvimym522jcuaby_cell11	R-17	R-8	R-3
step9_Al_mtui4862d3srr3yga1ex_cell1	R-17	R-8	R-3
step9_PM_4wybcp8sjowpblyxkdaz_cell2	R-17	R-5	R-2
step9_CMy_2ydwxvzgpsvtg3p4gs1m_cell5	R-17	R-8	R-3
step9_NP_vlugemo4cu261xpcfn4j_cell36	R-17	R-8	R-3
step9_ExE_nibp8ht25gt3rmx9o78s_cell18	R-17	R-16	R-2
step9_ExE_dt43yh3gij1w2up49fpj_cell5	R-17	R-16	R-2
step9_Node_o8nez1z564u4bgkfoi8m_cell29	R-17	R-8	R-3
step9_Node_kvpbk7oi2ydniesu7m28_cell9	R-17	R-8	R-3
step9_PM_kpdnxg85a5qombh983pv_cell29	R-17	R-5	R-2
step9_Node_kvpbk7oi2ydniesu7m28_cell12	R-17	R-5	R-2
step9_PM_kpdnxg85a5qombh983pv_cell54	R-17	R-5	R-2
step9_LM_ummziu8je45t8bwd1ssi_cell22	R-17	R-5	R-2
step9_PM_heu1eskvkgta3a4cns6m_cell5	R-17	R-5	R-2
step9_SE_4px85t8ebc9pblit7nfo_cell26	R-17	R-5	R-2
step9_VE_p84e94ax4x7bjujxy7ue_cell3	R-17	R-5	R-10
step9_RM_s7yljlsdcjgpltg9vsbz_cell45	R-17	R-5	R-5
step9_RM_s7yljlsdcjgpltg9vsbz_cell18	R-17	R-16	R-2
step9_LM_e9gka63dh53n7ztqvekc_cell7	R-17	R-16	R-2
step9_NP_16cyihvimym522jcuaby_cell4	R-17	R-8	R-15
step9_NP_16cyihvimym522jcuaby_cell7	R-17	R-5	R-5
step9_RM_s7yljlsdcjgpltg9vsbz_cell23	R-17	R-5	R-5
step9_A/C_ds2q4kalqkri4b1byfoj_cell32	R-17	R-8	R-15
step9_SE_yw3ew6vii1be2orhxeb8_cell39	R-17	R-16	R-2
step9_RM_s7yljlsdcjgpltg9vsbz_cell31	R-17	R-16	R-2
step9_Al_z54k2mn1kspqdfxi1pdr_cell8	R-17	R-5	R-1
step9_PM_4wybcp8sjowpblyxkdaz_cell6	R-17	R-5	R-2
step9_A/C_ds2q4kalqkri4b1byfoj_cell24	R-17	R-5	R-2
step9_RM_lzbkx581plse8iq6ldpb_cell3	R-17	R-16	R-2
step9_Node_kvpbk7oi2ydniesu7m28_cell3	R-17	R-5	R-2
step9_Node_glls82spkfcbvh82h484_cell2	R-17	R-8	R-3
step9_Ery2_zw9lmt4zufshxoc82duc_cell10	R-17	R-8	R-3
step9_Ery2_m5db6slty57jeyg5idqx_cell29	R-17	R-8	R-15
step9_Foregut_64itb6yij735r7vqfut3_cell40	R-17	R-8	R-15
step9_PM_s8ha4bcxtxi66wi796cb_cell1	R-17	R-8	R-3
step9_CMy_qvd1xogbwba9rj7uj5mk_cell9	R-17	R-8	R-3
step9_CMy_qvd1xogbwba9rj7uj5mk_cell37	R-17	R-8	R-15
step9_Foregut_bnowzacs3e9lx8c7ierz_cell14	R-17	R-5	R-2
step9_NP_vlugemo4cu261xpcfn4j_cell23	R-17	R-5	R-2
step9_Node_kvpbk7oi2ydniesu7m28_cell18	R-17	R-8	R-3
step9_LM_qercie7fjaw58haxrm3q_cell15	R-17	R-5	R-5
step9_Al_yorklxqdhms66yfz43ce_cell18	R-17	R-16	R-2
step9_NP_hit8gicey5zr7mbaajge_cell9	R-17	R-5	R-5
step9_Al_yorklxqdhms66yfz43ce_cell61	R-17	R-5	R-5
step9_LM_ummziu8je45t8bwd1ssi_cell53	R-17	R-8	R-3
step9_Al_xefv7zjdl2pnbugrjuin_cell2	R-17	R-8	R-3
step9_RM_s7yljlsdcjgpltg9vsbz_cell56	R-17	R-8	R-3
step9_Foregut_bnowzacs3e9lx8c7ierz_cell10	R-17	R-8	R-3
step9_PM_kpdnxg85a5qombh983pv_cell37	R-17	R-8	R-3
step9_ExEc_wsgftfkniik728dyrozi_cell15	R-17	R-8	R-25
step9_ExEc_jmclxul2x6fcwgqiymyy_cell6	R-17	R-8	R-3
step9_ExEc_zwtydq6cdu36vroqak71_cell5	R-17	R-8	R-3
step9_SE_lxd8eign6rhgfldgoicm_cell15	R-17	R-8	R-3
step9_MTr_dv2s451wzf8ww51y74bw_cell21	R-17	R-8	R-3
step9_RM_s7yljlsdcjgpltg9vsbz_cell60	R-17	R-8	R-3
step9_Node_kvpbk7oi2ydniesu7m28_cell4	R-17	R-8	R-3
step9_PM_99nc943c1ok3uux81tya_cell2	R-17	R-5	R-5
step9_RM_s7yljlsdcjgpltg9vsbz_cell20	R-17	R-8	R-3
step9_PM_kpdnxg85a5qombh983pv_cell30	R-17	R-8	R-3
step9_Al_yorklxqdhms66yfz43ce_cell46	R-17	R-16	R-2
step9_RM_s7yljlsdcjgpltg9vsbz_cell12	R-17	R-5	R-2
step9_RM_s7yljlsdcjgpltg9vsbz_cell25	R-17	R-5	R-2
step9_SE_4px85t8ebc9pblit7nfo_cell29	R-17	R-8	R-3
step9_Ery2_zw9lmt4zufshxoc82duc_cell19	R-17	R-5	R-2
step9_Node_o8nez1z564u4bgkfoi8m_cell24	R-17	R-5	R-2
step9_LM_qercie7fjaw58haxrm3q_cell17	R-17	R-8	R-3
step9_RM_lzbkx581plse8iq6ldpb_cell12	R-17	R-8	R-3
step9_Foregut_64itb6yij735r7vqfut3_cell36	R-17	R-8	R-3
step9_VE_iblms369zydmqt8amgrd_cell18	R-17	R-5	R-39
step9_VE_iblms369zydmqt8amgrd_cell15	R-17	R-5	R-39
step9_RM_lzbkx581plse8iq6ldpb_cell6	R-17	R-5	R-2
step9_CMy_qvd1xogbwba9rj7uj5mk_cell33	R-17	R-5	R-39
step9_CMy_qvd1xogbwba9rj7uj5mk_cell3	R-17	R-5	R-39
step9_A/C_ds2q4kalqkri4b1byfoj_cell23	R-17	R-8	R-15
step9_Foregut_64itb6yij735r7vqfut3_cell25	R-17	R-8	R-3
step9_Node_kvpbk7oi2ydniesu7m28_cell35	R-17	R-8	R-15
step9_CMy_8cwhctqtitt969yivr3t_cell4	R-17	R-5	R-39
step9_VE_dt1zyooaebih7jfyog3r_cell8	R-17	R-8	R-3
step9_VE_iblms369zydmqt8amgrd_cell8	R-17	R-8	R-3
step9_Foregut_rz3p7spgsnvsbhe7ggkk_cell2	R-17	R-8	R-3
step9_PM_heu1eskvkgta3a4cns6m_cell2	R-17	R-8	R-3
step9_Al_yorklxqdhms66yfz43ce_cell33	R-17	R-5	R-39
step9_PM_kpdnxg85a5qombh983pv_cell35	R-17	R-5	R-39
step9_CMy_8cwhctqtitt969yivr3t_cell14	R-17	R-5	R-39
step9_VE_kewg3vf3pyzl626kck29_cell6	R-17	R-16	R-2
step9_ExE_nibp8ht25gt3rmx9o78s_cell8	R-17	R-8	R-3
step9_ExE_4jh7vjt1mslnqxw7uaro_cell1	R-17	R-8	R-3
step9_ExEc_28yb9pgez73wp6bfoxpp_cell20	R-17	R-8	R-3
step9_ExEc_wsgftfkniik728dyrozi_cell11	R-17	R-8	R-3
step9_Foregut_64itb6yij735r7vqfut3_cell7	R-17	R-8	R-3
step9_SE_yw3ew6vii1be2orhxeb8_cell26	R-17	R-8	R-3
step9_ExEc_wsgftfkniik728dyrozi_cell8	R-17	R-1	R-2
step9_ExEc_dcz7elor546xxjdf2zwg_cell1	R-17	R-2	R-2
step9_SE_yw3ew6vii1be2orhxeb8_cell37	R-17	R-5	R-2
step9_NP_hit8gicey5zr7mbaajge_cell36	R-17	R-5	R-5
step9_RM_s7yljlsdcjgpltg9vsbz_cell32	R-17	R-5	R-10
step9_CMy_8cwhctqtitt969yivr3t_cell2	R-17	R-8	R-3
step9_LM_qercie7fjaw58haxrm3q_cell2	R-17	R-8	R-3
step9_SE_4px85t8ebc9pblit7nfo_cell1	R-17	R-5	R-1
step9_SE_yw3ew6vii1be2orhxeb8_cell17	R-17	R-5	R-5
step9_MTr_99bpipxlo89jvcp2vr46_cell6	R-17	R-8	R-3
step9_Al_yorklxqdhms66yfz43ce_cell20	R-17	R-8	R-3
step9_RM_s7yljlsdcjgpltg9vsbz_cell16	R-17	R-16	R-2
step9_Ery2_1qnmofnadh7s44dxph8l_cell5	R-17	R-5	R-63
step9_A/C_ds2q4kalqkri4b1byfoj_cell4	R-17	R-16	R-2
step9_RM_s7yljlsdcjgpltg9vsbz_cell43	R-17	R-16	R-2
step9_PM_g7vmbkyvcp37tdd93c5l_cell1	R-17	R-8	R-3
step9_Node_o8nez1z564u4bgkfoi8m_cell23	R-17	R-8	R-3
step9_CMy_qvd1xogbwba9rj7uj5mk_cell59	R-17	R-5	R-1
step9_Ery2_zw9lmt4zufshxoc82duc_cell40	R-17	R-5	R-5
step9_RM_lzbkx581plse8iq6ldpb_cell13	R-17	R-8	R-3
step9_CMy_qvd1xogbwba9rj7uj5mk_cell11	R-17	R-8	R-3
step9_Node_o8nez1z564u4bgkfoi8m_cell22	R-17	R-5	R-33
step9_RM_fdgen1w9h7qzsebicwo7_cell1	R-17	R-5	R-33
step9_MTr_44btmtxi46cfowc9syvd_cell33	R-17	R-8	R-2
step9_CMy_qvd1xogbwba9rj7uj5mk_cell54	R-17	R-8	R-15
step9_ExEc_wsgftfkniik728dyrozi_cell10	R-17	R-8	R-4
step9_SE_lxd8eign6rhgfldgoicm_cell9	R-17	R-8	R-15
step9_Foregut_64itb6yij735r7vqfut3_cell20	R-17	R-5	R-1
step9_LM_ummziu8je45t8bwd1ssi_cell49	R-17	R-5	R-1
step9_LM_ummziu8je45t8bwd1ssi_cell62	R-17	R-8	R-3
step9_A/C_ds2q4kalqkri4b1byfoj_cell66	R-17	R-5	R-5
step9_SE_4px85t8ebc9pblit7nfo_cell5	R-17	R-5	R-5
step9_Al_z54k2mn1kspqdfxi1pdr_cell18	R-17	R-8	R-15
step9_RM_s7yljlsdcjgpltg9vsbz_cell42	R-17	R-8	R-15
step9_Al_yorklxqdhms66yfz43ce_cell41	R-17	R-16	R-2
step9_Foregut_5pd1g2sm4l6dpcwuqwdd_cell3	R-17	R-8	R-15
step9_Node_o8nez1z564u4bgkfoi8m_cell44	R-17	R-8	R-15
step9_LM_ummziu8je45t8bwd1ssi_cell19	R-17	R-8	R-15
step9_Al_yorklxqdhms66yfz43ce_cell44	R-17	R-8	R-3
step9_Node_kvpbk7oi2ydniesu7m28_cell7	R-17	R-8	R-3
step9_Al_yorklxqdhms66yfz43ce_cell39	R-17	R-8	R-3
step9_NP_hit8gicey5zr7mbaajge_cell5	R-17	R-5	R-5
step9_PM_kpdnxg85a5qombh983pv_cell34	R-17	R-8	R-3
step9_LM_qercie7fjaw58haxrm3q_cell11	R-17	R-5	R-5
step9_CMy_qvd1xogbwba9rj7uj5mk_cell24	R-17	R-5	R-5
step9_Foregut_bnowzacs3e9lx8c7ierz_cell7	R-17	R-8	R-3
step9_VE_dt1zyooaebih7jfyog3r_cell2	R-17	R-8	R-3
step9_Node_o8nez1z564u4bgkfoi8m_cell30	R-17	R-16	R-2
step9_NP_hit8gicey5zr7mbaajge_cell7	R-17	R-16	R-2
step9_PM_kpdnxg85a5qombh983pv_cell41	R-17	R-16	R-2
step9_NP_vlugemo4cu261xpcfn4j_cell9	R-17	R-8	R-15
step9_Ery2_m5db6slty57jeyg5idqx_cell4	R-17	R-8	R-15
step9_NP_hit8gicey5zr7mbaajge_cell2	R-17	R-5	R-5
step9_Al_yorklxqdhms66yfz43ce_cell40	R-17	R-8	R-15
step9_SE_95xfd9ol119uomggvt4d_cell1	R-17	R-8	R-15
step9_LM_ummziu8je45t8bwd1ssi_cell5	R-17	R-5	R-5
step9_SE_4px85t8ebc9pblit7nfo_cell30	R-17	R-8	R-3
step9_Foregut_lhbxjqv3ixy35wujppe8_cell1	R-17	R-5	R-5
step9_Node_o8nez1z564u4bgkfoi8m_cell41	R-17	R-8	R-3
step9_Foregut_64itb6yij735r7vqfut3_cell54	R-17	R-8	R-3
step9_RM_fdgen1w9h7qzsebicwo7_cell2	R-17	R-8	R-3
step9_CMy_2ydwxvzgpsvtg3p4gs1m_cell3	R-17	R-8	R-3
step9_ExE_hqiwx4qppiczqyrmrhlu_cell1	R-17	R-5	R-5
step9_LM_ummziu8je45t8bwd1ssi_cell23	R-17	R-8	R-15
step9_CMy_qvd1xogbwba9rj7uj5mk_cell6	R-17	R-8	R-15
step9_ExEc_28yb9pgez73wp6bfoxpp_cell15	R-17	R-8	R-99
step9_ExEc_zwtydq6cdu36vroqak71_cell1	R-17	R-8	R-48
step9_SE_vq7r65nqj2nbvj7sl9se_cell1	R-17	R-8	R-3
step9_PM_99nc943c1ok3uux81tya_cell1	R-17	R-8	R-3
step9_SE_yw3ew6vii1be2orhxeb8_cell35	R-17	R-8	R-3
step9_PM_heu1eskvkgta3a4cns6m_cell4	R-17	R-8	R-3
step9_NP_hit8gicey5zr7mbaajge_cell22	R-17	R-5	R-1
step9_LM_ummziu8je45t8bwd1ssi_cell28	R-17	R-8	R-3
step9_ExE_cvpyd2cjtjzssruojtxr_cell3	R-17	R-5	R-39
step9_MTr_44btmtxi46cfowc9syvd_cell22	R-17	R-8	R-3
step9_PM_9ez8rq951wxvh1jivk5i_cell2	R-17	R-5	R-5
step9_SE_4px85t8ebc9pblit7nfo_cell2	R-17	R-5	R-5
step9_LM_ummziu8je45t8bwd1ssi_cell43	R-17	R-5	R-39
step9_Ery2_zw9lmt4zufshxoc82duc_cell1	R-17	R-5	R-39
step9_Node_o8nez1z564u4bgkfoi8m_cell51	R-17	R-8	R-15
step9_CMy_8cwhctqtitt969yivr3t_cell16	R-17	R-8	R-15
step9_RM_s7yljlsdcjgpltg9vsbz_cell49	R-17	R-8	R-3
step9_SE_yw3ew6vii1be2orhxeb8_cell27	R-17	R-5	R-1
step9_VE_dt1zyooaebih7jfyog3r_cell31	R-17	R-5	R-5
step9_VE_kewg3vf3pyzl626kck29_cell11	R-17	R-5	R-5
step9_LM_ummziu8je45t8bwd1ssi_cell51	R-17	R-8	R-3
step9_Al_yorklxqdhms66yfz43ce_cell62	R-17	R-8	R-15
step9_A/C_s7smfc7q4yc2d7k161qt_cell8	R-17	R-8	R-15
step9_Al_yorklxqdhms66yfz43ce_cell11	R-17	R-5	R-10
step9_ExE_1ydq5j6hqtviq3szwye8_cell28	R-17	R-8	R-3
step9_LM_wjs5qcmrbgoew48xahi8_cell1	R-17	R-8	R-15
step9_LM_ummziu8je45t8bwd1ssi_cell42	R-17	R-8	R-15
step9_CMy_qvd1xogbwba9rj7uj5mk_cell18	R-17	R-8	R-15
step9_SE_4px85t8ebc9pblit7nfo_cell9	R-17	R-5	R-5
step9_Al_yorklxqdhms66yfz43ce_cell4	R-17	R-5	R-5
step9_NP_16cyihvimym522jcuaby_cell2	R-17	R-8	R-15
step9_PM_kpdnxg85a5qombh983pv_cell31	R-17	R-8	R-15
step9_CMy_ckk9mc886nwt9u1bwvpn_cell1	R-17	R-5	R-2
step9_Al_yorklxqdhms66yfz43ce_cell6	R-17	R-5	R-2
step9_Al_yorklxqdhms66yfz43ce_cell42	R-17	R-5	R-2
step9_NP_hit8gicey5zr7mbaajge_cell19	R-17	R-5	R-2
step9_Node_kvpbk7oi2ydniesu7m28_cell33	R-17	R-8	R-3
step9_SE_4px85t8ebc9pblit7nfo_cell6	R-17	R-8	R-3
step9_SE_4px85t8ebc9pblit7nfo_cell23	R-17	R-5	R-2
step9_A/C_s7smfc7q4yc2d7k161qt_cell6	R-17	R-8	R-3
step9_LM_ummziu8je45t8bwd1ssi_cell14	R-17	R-5	R-5
step9_NP_16cyihvimym522jcuaby_cell1	R-17	R-5	R-5
step9_LM_qercie7fjaw58haxrm3q_cell4	R-17	R-5	R-1
step9_RM_s7yljlsdcjgpltg9vsbz_cell53	R-17	R-5	R-1
step9_CMy_qvd1xogbwba9rj7uj5mk_cell25	R-17	R-5	R-2
step9_NP_dzrp9nyadcq8fwudyxwz_cell3	R-17	R-5	R-2
step9_SE_gj8xc1nruazati5qe6vo_cell2	R-17	R-5	R-2
step9_PM_kpdnxg85a5qombh983pv_cell24	R-17	R-8	R-15
step9_NP_vlugemo4cu261xpcfn4j_cell10	R-17	R-5	R-2
step9_NP_dzrp9nyadcq8fwudyxwz_cell2	R-17	R-5	R-2
step9_NP_6f42fo31k3ji3gznsnuz_cell1	R-17	R-5	R-1
step9_NP_6f42fo31k3ji3gznsnuz_cell4	R-17	R-8	R-15
step9_Foregut_64itb6yij735r7vqfut3_cell41	R-17	R-8	R-15
step9_ExE_nibp8ht25gt3rmx9o78s_cell5	R-17	R-5	R-39
step9_ExE_nibp8ht25gt3rmx9o78s_cell25	R-17	R-5	R-39
step9_MTr_61rwktv5g75j1vntxmrl_cell11	R-17	R-8	R-18
step9_MTr_44btmtxi46cfowc9syvd_cell20	R-17	R-8	R-18
step9_RM_s7yljlsdcjgpltg9vsbz_cell2	R-17	R-5	R-2
step9_PM_kpdnxg85a5qombh983pv_cell6	R-17	R-5	R-5
step9_LM_ummziu8je45t8bwd1ssi_cell39	R-17	R-5	R-5
step9_LM_ummziu8je45t8bwd1ssi_cell18	R-17	R-5	R-2
step9_Al_z54k2mn1kspqdfxi1pdr_cell14	R-17	R-5	R-2
step9_SE_4px85t8ebc9pblit7nfo_cell22	R-17	R-5	R-2
step9_RM_lzbkx581plse8iq6ldpb_cell9	R-17	R-5	R-2
step9_SE_lxd8eign6rhgfldgoicm_cell3	R-17	R-8	R-3
step9_CMy_qvd1xogbwba9rj7uj5mk_cell50	R-17	R-5	R-2
step9_Ery2_m5db6slty57jeyg5idqx_cell11	R-17	R-5	R-2
step9_A/C_ds2q4kalqkri4b1byfoj_cell25	R-17	R-5	R-5
step9_PM_kpdnxg85a5qombh983pv_cell39	R-17	R-8	R-3
step9_Al_yorklxqdhms66yfz43ce_cell64	R-17	R-8	R-3
step9_PM_heu1eskvkgta3a4cns6m_cell20	R-17	R-8	R-3
step9_A/C_ds2q4kalqkri4b1byfoj_cell9	R-17	R-5	R-5
step9_Al_z54k2mn1kspqdfxi1pdr_cell1	R-17	R-8	R-15
step9_NP_vlugemo4cu261xpcfn4j_cell12	R-17	R-8	R-15
step9_CMy_qvd1xogbwba9rj7uj5mk_cell67	R-17	R-5	R-5
step9_NP_vlugemo4cu261xpcfn4j_cell21	R-17	R-5	R-18
step9_Ery2_zw9lmt4zufshxoc82duc_cell14	R-17	R-5	R-2
step9_SE_yw3ew6vii1be2orhxeb8_cell8	R-17	R-5	R-2
step9_MTr_44btmtxi46cfowc9syvd_cell3	R-17	R-8	R-1
step9_MTr_dv2s451wzf8ww51y74bw_cell16	R-17	R-8	R-1
step9_PM_4wybcp8sjowpblyxkdaz_cell7	R-17	R-8	R-15
step9_SE_yw3ew6vii1be2orhxeb8_cell14	R-17	R-8	R-15
step9_Node_o8nez1z564u4bgkfoi8m_cell8	R-17	R-8	R-15
step9_NP_hit8gicey5zr7mbaajge_cell10	R-17	R-8	R-15
step9_SE_v5mmlrrydnaeu4an64t7_cell3	R-17	R-5	R-2
step9_ExE_nibp8ht25gt3rmx9o78s_cell3	R-17	R-8	R-3
step9_ExE_dt43yh3gij1w2up49fpj_cell12	R-17	R-8	R-3
step9_NP_vlugemo4cu261xpcfn4j_cell24	R-17	R-5	R-2
step9_CMy_qvd1xogbwba9rj7uj5mk_cell27	R-17	R-8	R-15
step9_Ery2_zw9lmt4zufshxoc82duc_cell24	R-17	R-8	R-3
step9_PM_kpdnxg85a5qombh983pv_cell36	R-17	R-8	R-3
step9_CMy_8cwhctqtitt969yivr3t_cell1	R-17	R-8	R-3
step9_A/C_ds2q4kalqkri4b1byfoj_cell19	R-17	R-16	R-2
step9_Ery2_m5db6slty57jeyg5idqx_cell13	R-17	R-16	R-2
step9_MTr_dv2s451wzf8ww51y74bw_cell19	R-17	R-8	R-3
step9_MTr_dv2s451wzf8ww51y74bw_cell4	R-17	R-8	R-3
step9_Foregut_64itb6yij735r7vqfut3_cell35	R-17	R-8	R-3
step9_Ery2_m5db6slty57jeyg5idqx_cell26	R-17	R-5	R-2
step9_Ery2_zw9lmt4zufshxoc82duc_cell15	R-17	R-5	R-2
step9_Foregut_64itb6yij735r7vqfut3_cell17	R-17	R-8	R-3
step9_SE_lxd8eign6rhgfldgoicm_cell5	R-17	R-8	R-3
step9_Foregut_64itb6yij735r7vqfut3_cell10	R-17	R-8	R-3
step9_RM_s7yljlsdcjgpltg9vsbz_cell47	R-17	R-8	R-3
step9_Node_kvpbk7oi2ydniesu7m28_cell19	R-17	R-8	R-15
step9_Ery2_m5db6slty57jeyg5idqx_cell23	R-17	R-8	R-15
step9_Foregut_64itb6yij735r7vqfut3_cell12	R-17	R-8	R-3
step9_LM_ummziu8je45t8bwd1ssi_cell50	R-17	R-8	R-3
step9_MTr_61rwktv5g75j1vntxmrl_cell1	R-17	R-8	R-3
step9_RM_s7yljlsdcjgpltg9vsbz_cell39	R-17	R-8	R-3
step9_Foregut_64itb6yij735r7vqfut3_cell23	R-17	R-8	R-3
step9_RM_s7yljlsdcjgpltg9vsbz_cell28	R-17	R-8	R-3
step9_PM_4wybcp8sjowpblyxkdaz_cell1	R-17	R-5	R-2
step9_NP_dzrp9nyadcq8fwudyxwz_cell1	R-17	R-5	R-2
step9_SE_lxd8eign6rhgfldgoicm_cell12	R-17	R-5	R-2
step9_LM_kuj17xxdn4jx763q5vei_cell3	R-17	R-5	R-2
step9_CMy_2ydwxvzgpsvtg3p4gs1m_cell1	R-17	R-5	0
step9_Ery2_zw9lmt4zufshxoc82duc_cell3	R-17	R-5	R-46
step9_MTr_44btmtxi46cfowc9syvd_cell1	R-17	R-8	R-18
step9_MTr_dv2s451wzf8ww51y74bw_cell8	R-17	R-8	R-18
step9_VE_dt1zyooaebih7jfyog3r_cell3	R-17	R-5	R-1
step9_VE_kewg3vf3pyzl626kck29_cell13	R-17	R-5	R-1
step9_ExEc_wsgftfkniik728dyrozi_cell5	R-17	R-8	R-3
step9_ExEc_28yb9pgez73wp6bfoxpp_cell17	R-17	R-8	R-3
step9_RM_truofavbwy8t6xfngi6p_cell3	R-17	R-16	R-2
step9_PM_kpdnxg85a5qombh983pv_cell19	R-17	R-8	R-3
step9_Al_yorklxqdhms66yfz43ce_cell1	R-17	R-8	R-3
step9_Al_z54k2mn1kspqdfxi1pdr_cell20	R-17	R-8	R-3
step9_PM_heu1eskvkgta3a4cns6m_cell13	R-17	R-8	R-3
step9_CMy_qvd1xogbwba9rj7uj5mk_cell20	R-17	R-8	R-3
step9_Foregut1_vdqe4sttl8x4tibsrkan_cell37	R-17	R-5	R-29
step9_Foregut1_vdqe4sttl8x4tibsrkan_cell32	R-17	R-5	R-29
step9_ExE_1ydq5j6hqtviq3szwye8_cell29	R-17	R-8	R-3
step9_ExE_nibp8ht25gt3rmx9o78s_cell31	R-17	R-8	R-3
step9_MTr_tox4gofgzxkyggtufbv7_cell1	R-17	R-8	R-60
step9_CMy_qvd1xogbwba9rj7uj5mk_cell52	R-17	R-5	R-2
step9_Al_c3aghy74jfkm44okergt_cell2	R-17	R-5	R-2
step9_ExEc_jmclxul2x6fcwgqiymyy_cell1	R-17	R-8	R-21
step9_ExEc_ee47pq1arpwcxmrb8dby_cell5	R-17	R-8	R-35
step9_LM_e9gka63dh53n7ztqvekc_cell10	R-17	R-5	R-39
step9_Foregut_64itb6yij735r7vqfut3_cell33	R-17	R-5	R-2
step9_Foregut_bnowzacs3e9lx8c7ierz_cell6	R-17	R-5	R-2
step9_Foregut_bnowzacs3e9lx8c7ierz_cell13	R-17	R-8	R-3
step9_CMy_qvd1xogbwba9rj7uj5mk_cell23	R-17	R-8	R-3
step9_NP_hit8gicey5zr7mbaajge_cell4	R-17	R-8	R-3
step9_MTr_dv2s451wzf8ww51y74bw_cell27	R-17	R-8	R-3
step9_MTr_44btmtxi46cfowc9syvd_cell35	R-17	R-8	R-3
step9_MTr_99bpipxlo89jvcp2vr46_cell2	R-17	R-8	R-3
step9_NP_hit8gicey5zr7mbaajge_cell37	R-17	R-5	R-2
step9_PM_kpdnxg85a5qombh983pv_cell13	R-17	R-5	R-2
step9_LM_e9gka63dh53n7ztqvekc_cell8	R-17	R-5	R-2
step9_Ery2_wkuorw7cjueod1jo39ov_cell8	R-17	R-5	R-2
step9_Ery2_zw9lmt4zufshxoc82duc_cell45	R-17	R-8	R-3
step9_Al_z54k2mn1kspqdfxi1pdr_cell6	R-17	R-8	R-3
step9_Al_yorklxqdhms66yfz43ce_cell38	R-17	R-8	R-3
step9_CMy_qvd1xogbwba9rj7uj5mk_cell4	R-17	R-8	R-3
step9_MTr_61rwktv5g75j1vntxmrl_cell8	R-17	R-8	R-15
step9_MTr_44btmtxi46cfowc9syvd_cell12	R-17	R-8	R-15
step9_Node_o8nez1z564u4bgkfoi8m_cell46	R-17	R-8	R-15
step9_A/C_ds2q4kalqkri4b1byfoj_cell55	R-17	R-8	R-15
step9_A/C_ds2q4kalqkri4b1byfoj_cell53	R-17	R-5	R-1
step9_PM_heu1eskvkgta3a4cns6m_cell1	R-17	R-5	R-5
step9_CMy_8cwhctqtitt969yivr3t_cell7	R-17	R-5	R-5
step9_RM_s7yljlsdcjgpltg9vsbz_cell55	R-17	R-5	R-39
step9_PM_kpdnxg85a5qombh983pv_cell12	R-17	R-8	R-3
step9_Ery2_zw9lmt4zufshxoc82duc_cell36	R-17	R-8	R-3
step9_Al_yorklxqdhms66yfz43ce_cell56	R-17	R-5	R-1
step9_PM_kpdnxg85a5qombh983pv_cell25	R-17	R-8	R-3
step9_LM_qercie7fjaw58haxrm3q_cell5	R-17	R-8	R-3
step9_MTr_61rwktv5g75j1vntxmrl_cell10	R-17	R-8	R-3
step9_MTr_44btmtxi46cfowc9syvd_cell30	R-17	R-8	R-3
step9_Node_o8nez1z564u4bgkfoi8m_cell50	R-17	R-5	R-39
step9_NP_hit8gicey5zr7mbaajge_cell34	R-17	R-5	R-39
step9_Foregut1_rdnqst4e2w61v2axtkq1_cell2	R-17	R-8	R-3
step9_CMy_qvd1xogbwba9rj7uj5mk_cell13	R-17	R-5	R-2
step9_SE_4px85t8ebc9pblit7nfo_cell14	R-17	R-5	R-2
step9_LM_ummziu8je45t8bwd1ssi_cell60	R-17	R-8	R-3
step9_SE_4px85t8ebc9pblit7nfo_cell24	R-17	R-5	R-5
step9_Ery2_zw9lmt4zufshxoc82duc_cell4	R-17	R-5	R-5
step9_SE_gj8xc1nruazati5qe6vo_cell1	R-17	R-5	R-5
step9_VE_kewg3vf3pyzl626kck29_cell15	R-17	R-8	R-3
step9_MTr_44btmtxi46cfowc9syvd_cell8	R-17	R-8	R-3
step9_MTr_99bpipxlo89jvcp2vr46_cell5	R-17	R-8	R-3
step9_NP_hit8gicey5zr7mbaajge_cell30	R-17	R-5	R-1
step9_Ery2_1qnmofnadh7s44dxph8l_cell7	R-17	R-5	R-1
step9_RM_s7yljlsdcjgpltg9vsbz_cell62	R-17	R-16	R-2
step9_Al_yorklxqdhms66yfz43ce_cell47	R-17	R-16	R-2
step9_NP_vlugemo4cu261xpcfn4j_cell41	R-17	R-8	R-3
step9_NP_vlugemo4cu261xpcfn4j_cell34	R-17	R-8	R-3
step9_NP_vlugemo4cu261xpcfn4j_cell27	R-17	R-16	R-2
step9_CMy_qvd1xogbwba9rj7uj5mk_cell47	R-17	R-8	R-3
step9_SE_v5mmlrrydnaeu4an64t7_cell2	R-17	R-8	R-15
step9_CMy_qvd1xogbwba9rj7uj5mk_cell22	R-17	R-8	R-15
step9_LM_ummziu8je45t8bwd1ssi_cell38	R-17	R-8	R-15
step9_LM_ummziu8je45t8bwd1ssi_cell6	R-17	R-8	R-15
step9_CMy_qvd1xogbwba9rj7uj5mk_cell19	R-17	R-8	R-15
step9_NP_16cyihvimym522jcuaby_cell9	R-17	R-8	R-3
step9_Ery2_zw9lmt4zufshxoc82duc_cell41	R-17	R-5	R-63
step9_CMy_qvd1xogbwba9rj7uj5mk_cell38	R-17	R-5	R-63
step9_A/C_ds2q4kalqkri4b1byfoj_cell13	R-17	R-8	R-3
step9_SE_lxd8eign6rhgfldgoicm_cell14	R-17	R-5	R-5
step9_Foregut_64itb6yij735r7vqfut3_cell60	R-17	R-5	R-5
step9_SE_4px85t8ebc9pblit7nfo_cell31	R-17	R-5	R-5
step9_SE_lxd8eign6rhgfldgoicm_cell8	R-17	R-5	R-5
step9_PM_kpdnxg85a5qombh983pv_cell5	R-17	R-8	R-3
step9_ExE_nibp8ht25gt3rmx9o78s_cell27	R-17	R-16	R-2
step9_ExE_nibp8ht25gt3rmx9o78s_cell40	R-17	R-16	R-2
step9_Foregut_64itb6yij735r7vqfut3_cell29	R-17	R-5	R-2
step9_Ery2_m5db6slty57jeyg5idqx_cell14	R-17	R-5	R-2
step9_Ery2_wkuorw7cjueod1jo39ov_cell7	R-17	R-5	R-1
step9_Al_yorklxqdhms66yfz43ce_cell29	R-17	R-5	R-1
step9_A/C_ds2q4kalqkri4b1byfoj_cell51	R-17	R-8	R-3
step9_PM_heu1eskvkgta3a4cns6m_cell3	R-17	R-8	R-3
step9_Node_kvpbk7oi2ydniesu7m28_cell25	R-17	R-8	R-15
step9_Al_yorklxqdhms66yfz43ce_cell3	R-17	R-8	R-15
step9_MTr_dv2s451wzf8ww51y74bw_cell17	R-17	R-8	R-3
step9_MTr_44btmtxi46cfowc9syvd_cell10	R-17	R-8	R-3
step9_RM_s7yljlsdcjgpltg9vsbz_cell5	R-17	R-5	R-1
step9_LM_ummziu8je45t8bwd1ssi_cell26	R-17	R-5	R-1
step9_NP_hbtadfkyg2wtsu5zw2c1_cell2	R-17	R-8	R-3
step9_Al_yorklxqdhms66yfz43ce_cell59	R-17	R-8	R-3
step9_PM_heu1eskvkgta3a4cns6m_cell23	R-17	R-5	R-2
step9_SE_4px85t8ebc9pblit7nfo_cell12	R-17	R-8	R-15
step9_RM_s7yljlsdcjgpltg9vsbz_cell35	R-17	R-8	R-15
step9_RM_ngljngyvj19vgdk6edr3_cell1	R-17	R-8	R-3
step9_Al_yorklxqdhms66yfz43ce_cell34	R-17	R-8	R-3
step9_Ery2_m5db6slty57jeyg5idqx_cell6	R-17	R-8	R-3
step9_A/C_ds2q4kalqkri4b1byfoj_cell26	R-17	R-8	R-3
step9_NP_hit8gicey5zr7mbaajge_cell6	R-17	R-8	R-15
step9_A/C_ds2q4kalqkri4b1byfoj_cell68	R-17	R-8	R-15
step9_Foregut_in3eekab4tbhus2h6sb6_cell1	R-17	R-8	R-3
step9_CMy_qvd1xogbwba9rj7uj5mk_cell72	R-17	R-8	R-3
step9_SE_4px85t8ebc9pblit7nfo_cell21	R-17	R-8	R-3
step9_Node_y3q3mfspxf7n5wsu718q_cell1	R-17	R-8	R-3
step9_RM_s7yljlsdcjgpltg9vsbz_cell7	R-17	R-5	R-5
step9_MTr_dv2s451wzf8ww51y74bw_cell23	R-17	R-8	R-3
step9_MTr_44btmtxi46cfowc9syvd_cell23	R-17	R-8	R-3
step9_Foregut_64itb6yij735r7vqfut3_cell43	R-17	R-5	R-5
step9_Al_xefv7zjdl2pnbugrjuin_cell1	R-17	R-5	R-5
step9_A/C_ds2q4kalqkri4b1byfoj_cell65	R-17	R-5	R-2
step9_Node_o8nez1z564u4bgkfoi8m_cell34	R-17	R-8	R-15
step9_NP_hit8gicey5zr7mbaajge_cell27	R-17	R-8	R-3
step9_PM_heu1eskvkgta3a4cns6m_cell15	R-17	R-8	R-3
step9_PM_99nc943c1ok3uux81tya_cell3	R-17	R-8	R-3
step9_NP_16cyihvimym522jcuaby_cell8	R-17	R-5	R-5
step9_Al_yorklxqdhms66yfz43ce_cell43	R-17	R-8	R-15
step9_A/C_s7smfc7q4yc2d7k161qt_cell13	R-17	R-8	R-15
step9_VE_iblms369zydmqt8amgrd_cell11	R-17	R-5	0
step9_Foregut1_vdqe4sttl8x4tibsrkan_cell2	R-17	R-5	R-11
step9_RM_3k5sejp5h6nfn4wr6lzp_cell1	R-17	R-8	R-3
step9_RM_truofavbwy8t6xfngi6p_cell6	R-17	R-5	R-5
step9_PM_kpdnxg85a5qombh983pv_cell27	R-17	R-5	R-5
step9_MTr_61rwktv5g75j1vntxmrl_cell6	R-17	R-8	R-3
step9_Node_o8nez1z564u4bgkfoi8m_cell37	R-17	R-5	R-5
step9_SE_v5mmlrrydnaeu4an64t7_cell1	R-17	R-5	R-5
step9_Node_o8nez1z564u4bgkfoi8m_cell12	R-17	R-5	R-5
step9_Node_o8nez1z564u4bgkfoi8m_cell36	R-17	R-8	R-15
step9_CMy_qvd1xogbwba9rj7uj5mk_cell28	R-17	R-8	R-15
step9_Al_yorklxqdhms66yfz43ce_cell2	R-17	R-8	R-15
step9_NP_hit8gicey5zr7mbaajge_cell3	R-17	R-8	R-3
step9_CMy_qvd1xogbwba9rj7uj5mk_cell69	R-17	R-8	R-3
step9_VE_iblms369zydmqt8amgrd_cell22	R-17	R-5	R-39
step9_LM_qercie7fjaw58haxrm3q_cell12	R-17	R-5	R-1
step9_CMy_qvd1xogbwba9rj7uj5mk_cell56	R-17	R-8	R-3
step9_LM_e9gka63dh53n7ztqvekc_cell1	R-17	R-8	R-3
step9_VE_kewg3vf3pyzl626kck29_cell5	R-17	R-8	R-3
step9_VE_kewg3vf3pyzl626kck29_cell8	R-17	R-8	R-3
step9_Al_z54k2mn1kspqdfxi1pdr_cell7	R-17	R-8	R-3
step9_PM_4wybcp8sjowpblyxkdaz_cell4	R-17	R-5	R-1
step9_Al_z54k2mn1kspqdfxi1pdr_cell23	R-17	R-5	R-1
step9_Al_yorklxqdhms66yfz43ce_cell14	R-17	R-8	R-3
step9_Foregut_64itb6yij735r7vqfut3_cell22	R-17	R-8	R-3
step9_Node_o8nez1z564u4bgkfoi8m_cell25	R-17	R-8	R-3
step9_SE_4px85t8ebc9pblit7nfo_cell15	R-17	R-8	R-3
step9_Foregut_bnowzacs3e9lx8c7ierz_cell12	R-17	R-8	R-15
step9_CMy_8cwhctqtitt969yivr3t_cell9	R-17	R-8	R-15
step9_LM_e9gka63dh53n7ztqvekc_cell2	R-17	R-5	R-2
step9_Al_yorklxqdhms66yfz43ce_cell52	R-17	R-5	R-2
step9_NP_vlugemo4cu261xpcfn4j_cell7	R-17	R-5	R-2
step9_CMy_qvd1xogbwba9rj7uj5mk_cell44	R-17	R-5	R-2
step9_RM_s7yljlsdcjgpltg9vsbz_cell52	R-17	R-5	R-2
step9_Node_o8nez1z564u4bgkfoi8m_cell43	R-17	R-8	R-15
step9_Node_kvpbk7oi2ydniesu7m28_cell26	R-17	R-5	R-2
step9_Node_o8nez1z564u4bgkfoi8m_cell21	R-17	R-5	R-2
step9_RM_s7yljlsdcjgpltg9vsbz_cell50	R-17	R-5	R-39
step9_RM_s7yljlsdcjgpltg9vsbz_cell66	R-17	R-5	R-39
step9_SE_yw3ew6vii1be2orhxeb8_cell12	R-17	R-8	R-15
step9_PM_kpdnxg85a5qombh983pv_cell52	R-17	R-5	R-2
step9_PM_heu1eskvkgta3a4cns6m_cell16	R-17	R-5	R-2
step9_Ery2_zw9lmt4zufshxoc82duc_cell38	R-17	R-8	R-15
step9_NP_16cyihvimym522jcuaby_cell10	R-17	R-8	R-15
step9_CMy_qvd1xogbwba9rj7uj5mk_cell40	R-17	R-8	R-3
step9_A/C_ds2q4kalqkri4b1byfoj_cell63	R-17	R-8	R-3
step9_RM_s7yljlsdcjgpltg9vsbz_cell19	R-17	R-8	R-15
step9_PM_heu1eskvkgta3a4cns6m_cell6	R-17	R-8	R-15
step9_RM_s7yljlsdcjgpltg9vsbz_cell67	R-17	R-5	R-2
step9_RM_s7yljlsdcjgpltg9vsbz_cell58	R-17	R-5	R-2
step9_RM_s7yljlsdcjgpltg9vsbz_cell13	R-17	R-16	R-2
step9_LM_ummziu8je45t8bwd1ssi_cell47	R-17	R-8	R-3
step9_Ery2_m5db6slty57jeyg5idqx_cell16	R-17	R-5	R-1
step9_ExE_1ydq5j6hqtviq3szwye8_cell13	R-17	R-5	R-39
step9_ExE_1ydq5j6hqtviq3szwye8_cell1	R-17	R-5	R-39
step9_ExE_nibp8ht25gt3rmx9o78s_cell36	R-17	R-5	R-14
step9_ExE_1ydq5j6hqtviq3szwye8_cell20	R-17	R-5	R-14
step9_CMy_qvd1xogbwba9rj7uj5mk_cell17	R-17	R-8	R-3
step9_SE_yw3ew6vii1be2orhxeb8_cell30	R-17	R-5	R-2
step9_Foregut_64itb6yij735r7vqfut3_cell45	R-17	R-5	R-2
step9_A/C_aqxukpwbp9bfzyy33zt9_cell5	R-17	R-16	R-2
step9_Ery2_m5db6slty57jeyg5idqx_cell2	R-17	R-8	R-15
step9_MTr_dv2s451wzf8ww51y74bw_cell18	R-17	R-8	R-3
step9_MTr_dv2s451wzf8ww51y74bw_cell10	R-17	R-8	R-3
step9_ExEc_wsgftfkniik728dyrozi_cell27	R-17	R-8	R-3
step9_ExEc_wsgftfkniik728dyrozi_cell24	R-17	R-8	R-3
step9_VE_iblms369zydmqt8amgrd_cell6	R-17	R-8	R-3
step9_VE_iblms369zydmqt8amgrd_cell23	R-17	R-8	R-3
step9_VE_iblms369zydmqt8amgrd_cell32	R-17	R-8	R-3
step9_RM_s7yljlsdcjgpltg9vsbz_cell22	R-17	R-8	R-15
step9_CMy_qvd1xogbwba9rj7uj5mk_cell10	R-17	R-8	R-15
step9_CMy_qvd1xogbwba9rj7uj5mk_cell1	R-17	R-8	R-15
step9_Ery2_zw9lmt4zufshxoc82duc_cell17	R-17	R-8	R-3
step9_PM_9ez8rq951wxvh1jivk5i_cell1	R-17	R-8	R-3
step9_Al_z54k2mn1kspqdfxi1pdr_cell17	R-17	R-5	R-2
step9_RM_fp53fcwab8nflp6mj97o_cell4	R-17	R-5	R-2
step9_LM_qercie7fjaw58haxrm3q_cell9	R-17	R-16	R-2
step9_PM_4wybcp8sjowpblyxkdaz_cell5	R-17	R-8	R-15
step9_Ery2_m5db6slty57jeyg5idqx_cell21	R-17	R-8	R-15
step9_NP_vlugemo4cu261xpcfn4j_cell3	R-17	R-8	R-15
step9_A/C_aqxukpwbp9bfzyy33zt9_cell6	R-17	R-8	R-15
step9_Foregut_64itb6yij735r7vqfut3_cell11	R-17	R-8	R-15
step9_A/C_s7smfc7q4yc2d7k161qt_cell2	R-17	R-5	R-5
step9_Ery2_zw9lmt4zufshxoc82duc_cell8	R-17	R-5	R-5
step9_RM_s7yljlsdcjgpltg9vsbz_cell48	R-17	R-5	R-8
step9_Al_yorklxqdhms66yfz43ce_cell32	R-17	R-16	R-2
step9_NP_hit8gicey5zr7mbaajge_cell32	R-17	R-5	R-5
step9_Foregut_lhbxjqv3ixy35wujppe8_cell5	R-17	R-5	R-5
step9_PM_heu1eskvkgta3a4cns6m_cell14	R-17	R-8	R-3
step9_Al_yorklxqdhms66yfz43ce_cell23	R-17	R-8	R-3
step9_CMy_qvd1xogbwba9rj7uj5mk_cell31	R-17	R-8	R-3
step9_ExEc_wsgftfkniik728dyrozi_cell32	R-17	R-46	R-2
step9_ExEc_jmclxul2x6fcwgqiymyy_cell10	R-17	R-46	R-2
step9_Al_z54k2mn1kspqdfxi1pdr_cell5	R-17	R-8	R-15
step9_Ery2_zw9lmt4zufshxoc82duc_cell29	R-17	R-8	R-15
step9_NP_hit8gicey5zr7mbaajge_cell16	R-17	R-8	R-15
step9_NP_vlugemo4cu261xpcfn4j_cell11	R-17	R-8	R-15
step9_PM_heu1eskvkgta3a4cns6m_cell22	R-17	R-8	R-3
step9_Node_glls82spkfcbvh82h484_cell4	R-17	R-8	R-3
step9_Al_ca3u1cqkmyb53mbw6g99_cell1	R-17	R-5	R-2
step9_Al_yorklxqdhms66yfz43ce_cell45	R-17	R-5	R-2
step9_LM_qercie7fjaw58haxrm3q_cell14	R-17	R-5	R-39
step9_RM_s7yljlsdcjgpltg9vsbz_cell10	R-17	R-5	R-39
step9_RM_truofavbwy8t6xfngi6p_cell5	R-17	R-5	R-5
step9_A/C_px55avgxqz8ox8979x11_cell1	R-17	R-5	R-2
step9_NP_vlugemo4cu261xpcfn4j_cell30	R-17	R-5	R-2
step9_A/C_ds2q4kalqkri4b1byfoj_cell46	R-17	R-5	R-1
step9_Ery2_zw9lmt4zufshxoc82duc_cell46	R-17	R-5	R-1
step9_RM_truofavbwy8t6xfngi6p_cell2	R-17	R-8	R-3
step9_LM_ummziu8je45t8bwd1ssi_cell15	R-17	R-8	R-3
step9_Foregut_64itb6yij735r7vqfut3_cell39	R-17	R-8	R-3
step9_LM_ummziu8je45t8bwd1ssi_cell4	R-17	R-8	R-3
step9_MTr_dv2s451wzf8ww51y74bw_cell1	R-17	R-8	R-3
step9_VE_dt1zyooaebih7jfyog3r_cell25	R-17	R-5	R-5
step9_Al_yorklxqdhms66yfz43ce_cell48	R-17	R-8	R-15
step9_RM_s7yljlsdcjgpltg9vsbz_cell24	R-17	R-8	R-15
step9_Ery2_zw9lmt4zufshxoc82duc_cell42	R-17	R-8	R-3
step9_Foregut_64itb6yij735r7vqfut3_cell6	R-17	R-8	R-3
step9_Ery2_m5db6slty57jeyg5idqx_cell28	R-17	R-8	R-15
step9_LM_ummziu8je45t8bwd1ssi_cell27	R-17	R-8	R-15
step9_Ery2_zw9lmt4zufshxoc82duc_cell31	R-17	R-8	R-15
step9_PM_heu1eskvkgta3a4cns6m_cell8	R-17	R-8	R-15
step9_PM_heu1eskvkgta3a4cns6m_cell19	R-17	R-8	R-3
step9_RM_s7yljlsdcjgpltg9vsbz_cell54	R-17	R-8	R-3
step9_CMy_qvd1xogbwba9rj7uj5mk_cell57	R-17	R-5	R-39
step9_NP_hit8gicey5zr7mbaajge_cell25	R-17	R-5	R-39
step9_Node_dk3enjs9kn1w6t6o65dl_cell1	R-17	R-5	R-2
step9_SE_yw3ew6vii1be2orhxeb8_cell15	R-17	R-8	R-3
step9_SE_yw3ew6vii1be2orhxeb8_cell3	R-17	R-8	R-3
step9_Node_o8nez1z564u4bgkfoi8m_cell20	R-17	R-5	R-5
step9_Node_bh314u99snu3vvkkjrzy_cell1	R-17	R-5	R-5
step9_LM_qercie7fjaw58haxrm3q_cell18	R-17	R-8	R-3
step9_SE_yw3ew6vii1be2orhxeb8_cell31	R-17	R-5	R-39
step9_NP_vlugemo4cu261xpcfn4j_cell13	R-17	R-5	R-39
step9_SE_yw3ew6vii1be2orhxeb8_cell24	R-17	R-5	R-1
step9_PM_kpdnxg85a5qombh983pv_cell22	R-17	R-5	R-1
step9_Node_kvpbk7oi2ydniesu7m28_cell27	R-17	R-8	R-3
step9_NP_vlugemo4cu261xpcfn4j_cell32	R-17	R-8	R-3
step9_RM_s7yljlsdcjgpltg9vsbz_cell30	R-17	R-5	R-39
step9_LM_qercie7fjaw58haxrm3q_cell8	R-17	R-5	R-39
step9_SE_yw3ew6vii1be2orhxeb8_cell2	R-17	R-5	R-39
step9_MTr_44btmtxi46cfowc9syvd_cell7	R-17	R-8	R-3
step9_LM_ummziu8je45t8bwd1ssi_cell46	R-17	R-5	R-1
step9_Node_bh314u99snu3vvkkjrzy_cell5	R-17	R-5	R-2
step9_Foregut_64itb6yij735r7vqfut3_cell16	R-17	R-5	R-63
step9_Node_o8nez1z564u4bgkfoi8m_cell5	R-17	R-5	R-63
step9_VE_dt1zyooaebih7jfyog3r_cell29	R-17	R-16	R-2
step9_Foregut1_9gaulrk46n65yqmvzw8y_cell20	R-17	R-16	R-2
step9_SE_kdg3n78tbr8ibskgdk6c_cell2	R-17	R-5	R-1
step9_Foregut_64itb6yij735r7vqfut3_cell37	R-17	R-16	R-2
step9_LM_qercie7fjaw58haxrm3q_cell16	R-17	R-16	R-2
step9_Foregut_64itb6yij735r7vqfut3_cell18	R-17	R-5	R-63
step9_CMy_8cwhctqtitt969yivr3t_cell11	R-17	R-5	R-5
step9_ExEc_28yb9pgez73wp6bfoxpp_cell8	R-17	R-8	R-3
step9_ExEc_nqa6gebmx4zene4s3hco_cell1	R-17	R-8	R-3
step9_CMy_8cwhctqtitt969yivr3t_cell5	R-17	R-8	R-15
step9_NP_vlugemo4cu261xpcfn4j_cell18	R-17	R-8	R-15
step9_SE_yw3ew6vii1be2orhxeb8_cell23	R-17	R-8	R-3
step9_SE_kdg3n78tbr8ibskgdk6c_cell1	R-17	R-8	R-3
step9_Node_o8nez1z564u4bgkfoi8m_cell45	R-17	R-5	R-2
step9_PM_kpdnxg85a5qombh983pv_cell44	R-17	R-5	R-2
step9_Foregut1_9gaulrk46n65yqmvzw8y_cell30	R-17	R-8	R-3
step9_VE_kewg3vf3pyzl626kck29_cell12	R-17	R-8	R-3
step9_MTr_44btmtxi46cfowc9syvd_cell21	R-17	R-11	R-2
step9_MTr_dv2s451wzf8ww51y74bw_cell20	R-17	R-11	R-2
step9_ExEc_28yb9pgez73wp6bfoxpp_cell12	R-17	R-8	R-3
step9_ExEc_wsgftfkniik728dyrozi_cell19	R-17	R-8	R-3
step9_Node_o8nez1z564u4bgkfoi8m_cell15	R-17	R-8	R-3
step9_ExEc_nqa6gebmx4zene4s3hco_cell2	R-17	R-8	R-1
step9_ExEc_jmclxul2x6fcwgqiymyy_cell3	R-17	R-8	R-1
step9_Foregut1_9gaulrk46n65yqmvzw8y_cell6	R-17	R-5	R-1
step9_Foregut1_vdqe4sttl8x4tibsrkan_cell17	R-17	R-5	R-1
step9_CMy_qvd1xogbwba9rj7uj5mk_cell14	R-17	R-8	R-3
step9_Foregut_64itb6yij735r7vqfut3_cell27	R-17	R-8	R-3
step9_Node_kvpbk7oi2ydniesu7m28_cell28	R-17	R-16	R-2
step9_ExE_nibp8ht25gt3rmx9o78s_cell28	R-17	R-5	R-88
step9_ExE_rqkz6gbod1o3uwlmucg1_cell3	R-17	R-5	R-88
step9_Foregut_64itb6yij735r7vqfut3_cell19	R-17	R-8	R-15
step9_Foregut_bnowzacs3e9lx8c7ierz_cell17	R-17	R-8	R-15
step9_Ery2_zw9lmt4zufshxoc82duc_cell50	R-17	R-8	R-3
step9_PM_kpdnxg85a5qombh983pv_cell45	R-17	R-8	R-3
step9_NP_hit8gicey5zr7mbaajge_cell28	R-17	R-8	R-15
step9_LM_qercie7fjaw58haxrm3q_cell1	R-17	R-8	R-15
step9_RM_s7yljlsdcjgpltg9vsbz_cell6	R-17	R-8	R-3
step9_CMy_xsauym6djbzyc1obdhi7_cell1	R-17	R-16	R-2
step9_Node_o8nez1z564u4bgkfoi8m_cell48	R-17	R-16	R-2
step9_VE_dt1zyooaebih7jfyog3r_cell9	R-17	R-5	R-39
step9_VE_kewg3vf3pyzl626kck29_cell9	R-17	R-5	R-39
step9_VE_p84e94ax4x7bjujxy7ue_cell2	R-17	R-5	R-39
step9_VE_iblms369zydmqt8amgrd_cell21	R-17	R-5	R-39
step9_LM_kuj17xxdn4jx763q5vei_cell5	R-17	R-8	R-3
step9_Node_kvpbk7oi2ydniesu7m28_cell11	R-17	R-8	R-15
step9_Foregut1_vdqe4sttl8x4tibsrkan_cell12	R-17	R-5	0
step9_VE_iblms369zydmqt8amgrd_cell7	R-17	R-5	R-3
step9_RM_s7yljlsdcjgpltg9vsbz_cell34	R-17	R-8	R-3
step9_CMy_2ydwxvzgpsvtg3p4gs1m_cell7	R-17	R-8	R-3
step9_SE_4px85t8ebc9pblit7nfo_cell8	R-17	R-5	R-2
step9_Foregut_64itb6yij735r7vqfut3_cell32	R-17	R-8	R-15
step9_PM_kpdnxg85a5qombh983pv_cell40	R-17	R-8	R-15
step9_A/C_aqxukpwbp9bfzyy33zt9_cell10	R-17	R-8	R-15
step9_CMy_8cwhctqtitt969yivr3t_cell3	R-17	R-8	R-15
step9_CMy_qvd1xogbwba9rj7uj5mk_cell53	R-17	R-8	R-3
step9_RM_szlhba4j5ye14p5frhqs_cell1	R-17	R-8	R-3
step9_Node_o8nez1z564u4bgkfoi8m_cell39	R-17	R-8	R-15
step9_A/C_ds2q4kalqkri4b1byfoj_cell11	R-17	R-8	R-15
step9_VE_dt1zyooaebih7jfyog3r_cell23	R-17	R-16	R-2
step9_VE_k4ufema8le74egqgofpb_cell3	R-17	R-16	R-2
step9_SE_yw3ew6vii1be2orhxeb8_cell1	R-17	R-5	R-5
step9_CMy_qvd1xogbwba9rj7uj5mk_cell70	R-17	R-5	0
step9_RM_s7yljlsdcjgpltg9vsbz_cell1	R-17	R-8	R-15
step9_SE_yw3ew6vii1be2orhxeb8_cell36	R-17	R-8	R-15
step9_Ery2_zw9lmt4zufshxoc82duc_cell27	R-17	R-8	R-15
step9_CMy_qvd1xogbwba9rj7uj5mk_cell64	R-17	R-8	R-15
step9_RM_s7yljlsdcjgpltg9vsbz_cell59	R-17	R-5	R-1
step9_NP_hit8gicey5zr7mbaajge_cell14	R-17	R-5	R-1
step9_Al_z54k2mn1kspqdfxi1pdr_cell21	R-17	R-5	R-39
step9_Foregut_64itb6yij735r7vqfut3_cell64	R-17	R-5	R-2
step9_RM_lzbkx581plse8iq6ldpb_cell5	R-17	R-8	R-3
step9_A/C_ds2q4kalqkri4b1byfoj_cell39	R-17	R-8	R-3
step9_RM_s7yljlsdcjgpltg9vsbz_cell4	R-17	R-5	R-5
step9_NP_hit8gicey5zr7mbaajge_cell33	R-17	R-5	R-5
step9_VE_iblms369zydmqt8amgrd_cell5	R-17	R-8	R-3
step9_A/C_ds2q4kalqkri4b1byfoj_cell62	R-17	R-8	R-15
step9_RM_s7yljlsdcjgpltg9vsbz_cell33	R-17	R-8	R-15
step9_RM_fp53fcwab8nflp6mj97o_cell1	R-17	R-8	R-15
step9_Foregut_64itb6yij735r7vqfut3_cell63	R-17	R-8	R-15
step9_Ery2_wkuorw7cjueod1jo39ov_cell5	R-17	R-8	R-15
step9_Foregut_rz3p7spgsnvsbhe7ggkk_cell4	R-17	R-8	R-15
step9_Foregut_64itb6yij735r7vqfut3_cell15	R-17	R-8	R-3
step9_Al_yorklxqdhms66yfz43ce_cell9	R-17	R-8	R-3
step9_A/C_s7smfc7q4yc2d7k161qt_cell12	R-17	R-8	R-3
step9_PM_kpdnxg85a5qombh983pv_cell21	R-17	R-8	R-3
step9_NP_hit8gicey5zr7mbaajge_cell13	R-17	R-8	R-3
step9_Ery2_m5db6slty57jeyg5idqx_cell15	R-17	R-5	R-2
step9_Node_o8nez1z564u4bgkfoi8m_cell17	R-17	R-5	R-2
step9_SE_lxd8eign6rhgfldgoicm_cell7	R-17	R-8	R-3
step9_Al_z54k2mn1kspqdfxi1pdr_cell9	R-17	R-5	R-2
step9_Al_yorklxqdhms66yfz43ce_cell57	R-17	R-5	R-2
step9_MTr_61rwktv5g75j1vntxmrl_cell14	R-17	R-8	R-3
step9_MTr_44btmtxi46cfowc9syvd_cell16	R-17	R-8	R-3
step9_NP_6f42fo31k3ji3gznsnuz_cell3	R-17	R-5	R-6
step9_Foregut_64itb6yij735r7vqfut3_cell48	R-17	R-8	R-3
step9_CMy_qvd1xogbwba9rj7uj5mk_cell30	R-17	R-8	R-3
step9_SE_lxd8eign6rhgfldgoicm_cell11	R-17	R-8	R-3
step9_LM_ummziu8je45t8bwd1ssi_cell58	R-17	R-8	R-3
step9_RM_s7yljlsdcjgpltg9vsbz_cell9	R-17	R-8	R-15
step9_LM_ummziu8je45t8bwd1ssi_cell12	R-17	R-8	R-15
step9_PM_kpdnxg85a5qombh983pv_cell14	R-17	R-8	R-3
step9_Foregut_64itb6yij735r7vqfut3_cell14	R-17	R-8	R-3
step9_Foregut_rz3p7spgsnvsbhe7ggkk_cell1	R-17	R-5	R-39
step9_LM_ummziu8je45t8bwd1ssi_cell61	R-17	R-5	R-39
step9_NP_vlugemo4cu261xpcfn4j_cell14	R-17	R-8	R-3
step9_SE_lxd8eign6rhgfldgoicm_cell2	R-17	R-8	R-3
step9_VE_iblms369zydmqt8amgrd_cell17	R-17	R-5	R-39
step9_VE_dt1zyooaebih7jfyog3r_cell35	R-17	R-5	R-39
step9_NP_vlugemo4cu261xpcfn4j_cell37	R-17	R-5	R-2
step9_NP_vlugemo4cu261xpcfn4j_cell20	R-17	R-5	R-2
step9_NP_vlugemo4cu261xpcfn4j_cell1	R-17	R-8	R-3
step9_LM_s8penx2yyt197bng8mim_cell1	R-17	R-8	R-3
step9_Ery2_1qnmofnadh7s44dxph8l_cell4	R-17	R-8	R-3
step9_CMy_wf7lh66x4fueum4sqwgc_cell1	R-17	R-8	R-15
step9_MTr_44btmtxi46cfowc9syvd_cell14	R-17	R-8	R-60
step9_MTr_dv2s451wzf8ww51y74bw_cell29	R-17	R-8	R-60
step9_VE_iblms369zydmqt8amgrd_cell24	R-17	R-5	R-2
step9_CMy_qvd1xogbwba9rj7uj5mk_cell12	R-17	R-8	R-15
step9_Foregut_bnowzacs3e9lx8c7ierz_cell5	R-17	R-8	R-15
step9_Al_ca3u1cqkmyb53mbw6g99_cell2	R-17	R-5	R-5
step9_NP_vlugemo4cu261xpcfn4j_cell33	R-17	R-5	R-2
step9_Foregut_64itb6yij735r7vqfut3_cell47	R-17	R-5	R-2
step9_SE_yw3ew6vii1be2orhxeb8_cell4	R-17	R-8	R-15
step9_RM_s7yljlsdcjgpltg9vsbz_cell29	R-17	R-16	R-2
step9_Al_yorklxqdhms66yfz43ce_cell50	R-17	R-5	R-5
step9_A/C_ds2q4kalqkri4b1byfoj_cell14	R-17	R-5	R-5
step9_Ery2_zw9lmt4zufshxoc82duc_cell23	R-17	R-16	R-2
step9_LM_ummziu8je45t8bwd1ssi_cell9	R-17	R-16	R-2
step9_Al_z54k2mn1kspqdfxi1pdr_cell12	R-17	R-8	R-15
step9_NP_16cyihvimym522jcuaby_cell5	R-17	R-8	R-15
step9_PM_kpdnxg85a5qombh983pv_cell23	R-17	R-8	R-3
step9_Ery2_m5db6slty57jeyg5idqx_cell1	R-17	R-8	R-3
step9_VE_dt1zyooaebih7jfyog3r_cell32	R-17	R-16	R-2
step9_VE_i6npw3bak618i1y16f5d_cell1	R-17	R-16	R-2
step9_MTr_44btmtxi46cfowc9syvd_cell37	R-17	R-8	R-3
step9_Foregut1_vdqe4sttl8x4tibsrkan_cell21	R-17	R-8	R-3
step9_Foregut1_vdqe4sttl8x4tibsrkan_cell36	R-17	R-8	R-3
step9_A/C_ds2q4kalqkri4b1byfoj_cell47	R-17	R-5	R-5
step9_RM_fp53fcwab8nflp6mj97o_cell5	R-17	R-5	R-5
step9_VE_iblms369zydmqt8amgrd_cell25	R-17	R-5	R-39
step9_CMy_qvd1xogbwba9rj7uj5mk_cell16	R-17	R-8	R-3
step9_SE_yw3ew6vii1be2orhxeb8_cell5	R-17	R-8	R-3
step9_Ery2_zw9lmt4zufshxoc82duc_cell51	R-17	R-5	R-39
step9_A/C_ds2q4kalqkri4b1byfoj_cell34	R-17	R-5	R-39
step9_Node_5tdrrpvvp4xgwpzi9614_cell2	R-17	R-8	R-3
step9_MTr_44btmtxi46cfowc9syvd_cell11	R-17	R-8	R-3
step9_RM_lzbkx581plse8iq6ldpb_cell4	R-17	R-8	R-15
step9_SE_yw3ew6vii1be2orhxeb8_cell22	R-17	R-8	R-15
step9_Foregut_64itb6yij735r7vqfut3_cell61	R-17	R-16	R-2
step9_LM_ummziu8je45t8bwd1ssi_cell34	R-17	R-8	R-15
step9_NP_vlugemo4cu261xpcfn4j_cell35	R-17	R-8	R-15
step9_CMy_qvd1xogbwba9rj7uj5mk_cell7	R-17	R-8	R-3
step9_Ery2_zw9lmt4zufshxoc82duc_cell6	R-17	R-8	R-3
step9_Foregut_64itb6yij735r7vqfut3_cell9	R-17	R-16	R-2
step9_CMy_qvd1xogbwba9rj7uj5mk_cell32	R-17	R-16	R-2
step9_Foregut_64itb6yij735r7vqfut3_cell55	R-17	R-8	R-3
step9_NP_hit8gicey5zr7mbaajge_cell26	R-17	R-8	R-15
step9_Ery2_zw9lmt4zufshxoc82duc_cell9	R-17	R-8	R-15
step9_A/C_s7smfc7q4yc2d7k161qt_cell10	R-17	R-8	R-3
step9_SE_yw3ew6vii1be2orhxeb8_cell18	R-17	R-5	R-2
step9_Node_kvpbk7oi2ydniesu7m28_cell14	R-17	R-5	R-2
step9_CMy_qvd1xogbwba9rj7uj5mk_cell15	R-17	R-5	R-5
step9_Al_z54k2mn1kspqdfxi1pdr_cell13	R-17	R-5	R-5
step9_A/C_ds2q4kalqkri4b1byfoj_cell57	R-17	R-8	R-3
step9_Node_kvpbk7oi2ydniesu7m28_cell13	R-17	R-8	R-3
step9_SE_lxd8eign6rhgfldgoicm_cell1	R-17	R-5	R-5
step9_Al_yorklxqdhms66yfz43ce_cell17	R-17	R-5	R-5
step9_NP_hit8gicey5zr7mbaajge_cell38	R-17	R-5	R-5
step9_PM_kpdnxg85a5qombh983pv_cell9	R-17	R-16	R-2
step9_A/C_ds2q4kalqkri4b1byfoj_cell61	R-17	R-16	R-2
step9_RM_s7yljlsdcjgpltg9vsbz_cell41	R-17	R-8	R-3
step9_Node_bh314u99snu3vvkkjrzy_cell4	R-17	R-8	R-3
step9_Al_yorklxqdhms66yfz43ce_cell31	R-17	R-5	R-2
step9_CMy_qvd1xogbwba9rj7uj5mk_cell55	R-17	R-5	R-2
step9_CMy_qvd1xogbwba9rj7uj5mk_cell43	R-17	R-16	R-2
step9_SE_lxd8eign6rhgfldgoicm_cell10	R-17	R-16	R-2
step9_Ery2_zw9lmt4zufshxoc82duc_cell5	R-17	R-5	R-2
step9_Ery2_m5db6slty57jeyg5idqx_cell31	R-17	R-5	R-2
step9_Node_kvpbk7oi2ydniesu7m28_cell6	R-17	R-8	R-15
step9_Al_yorklxqdhms66yfz43ce_cell19	R-17	R-8	R-3
step9_NP_hit8gicey5zr7mbaajge_cell35	R-17	R-8	R-3
step9_Node_o8nez1z564u4bgkfoi8m_cell28	R-17	R-8	R-3
step9_Node_kvpbk7oi2ydniesu7m28_cell24	R-17	R-8	R-3
step9_Ery2_zw9lmt4zufshxoc82duc_cell53	R-17	R-8	R-3
step9_CMy_qvd1xogbwba9rj7uj5mk_cell36	R-17	R-8	R-3
step9_PM_kpdnxg85a5qombh983pv_cell15	R-17	R-5	R-2
step9_Node_o8nez1z564u4bgkfoi8m_cell32	R-17	R-5	R-2
step9_MTr_qmoui5muxz21tlr23otg_cell1	R-17	R-2	R-2
step9_MTr_dv2s451wzf8ww51y74bw_cell13	R-17	R-2	R-2
step9_A/C_ds2q4kalqkri4b1byfoj_cell10	R-17	R-8	R-15
step9_Node_kvpbk7oi2ydniesu7m28_cell1	R-17	R-8	R-15
step9_Al_ca3u1cqkmyb53mbw6g99_cell3	R-17	R-8	R-15
step9_A/C_ds2q4kalqkri4b1byfoj_cell21	R-17	R-8	R-15
step9_PM_kpdnxg85a5qombh983pv_cell49	R-17	R-5	R-5
step9_PM_heu1eskvkgta3a4cns6m_cell7	R-17	R-5	R-5
step9_Al_yorklxqdhms66yfz43ce_cell60	R-17	R-5	R-1
step9_Ery2_1qnmofnadh7s44dxph8l_cell1	R-17	R-5	R-1
step9_PM_4wybcp8sjowpblyxkdaz_cell10	R-17	R-8	R-3
step9_LM_ummziu8je45t8bwd1ssi_cell20	R-17	R-8	R-3
step9_NP_vlugemo4cu261xpcfn4j_cell38	R-17	R-5	R-2
step9_Node_o8nez1z564u4bgkfoi8m_cell3	R-17	R-5	R-2
step9_CMy_qvd1xogbwba9rj7uj5mk_cell42	R-17	R-8	R-15
step9_CMy_2ydwxvzgpsvtg3p4gs1m_cell4	R-17	R-8	R-15
step9_MTr_dv2s451wzf8ww51y74bw_cell12	R-17	R-8	R-3
step9_MTr_dv2s451wzf8ww51y74bw_cell9	R-17	R-8	R-3
step9_ExE_nibp8ht25gt3rmx9o78s_cell37	R-17	R-5	R-5
step9_ExE_nibp8ht25gt3rmx9o78s_cell7	R-17	R-5	R-5
step9_PM_kpdnxg85a5qombh983pv_cell33	R-17	R-8	R-3
step9_PM_kpdnxg85a5qombh983pv_cell20	R-17	R-8	R-3
step9_NP_hit8gicey5zr7mbaajge_cell17	R-17	R-5	R-2
step9_RM_s7yljlsdcjgpltg9vsbz_cell3	R-17	R-5	R-2
step9_Al_yorklxqdhms66yfz43ce_cell30	R-17	R-8	R-15
step9_Foregut_bnowzacs3e9lx8c7ierz_cell8	R-17	R-8	R-15
step9_ExEc_28yb9pgez73wp6bfoxpp_cell16	R-17	R-8	R-3
step9_ExEc_395sj8rhhjgcbgiphgxr_cell1	R-17	R-8	R-3
step9_Ery2_zw9lmt4zufshxoc82duc_cell18	R-17	R-8	R-3
step9_Foregut1_9gaulrk46n65yqmvzw8y_cell33	R-17	R-5	R-27
step9_MTr_tdg6knmclo92cua8lq8b_cell1	R-17	R-8	R-3
step9_MTr_tdg6knmclo92cua8lq8b_cell2	R-17	R-8	R-3
step9_CMy_qvd1xogbwba9rj7uj5mk_cell62	R-17	R-8	R-15
step9_Foregut_64itb6yij735r7vqfut3_cell30	R-17	R-8	R-15
step9_ExEc_wsgftfkniik728dyrozi_cell20	R-17	R-8	R-22
step9_ExEc_wsgftfkniik728dyrozi_cell18	R-17	R-8	R-3
step9_LM_ummziu8je45t8bwd1ssi_cell25	R-17	R-8	R-3
step9_CMy_qvd1xogbwba9rj7uj5mk_cell35	R-17	R-8	R-3
step9_Foregut1_vdqe4sttl8x4tibsrkan_cell38	R-17	R-8	R-3
step9_Foregut1_9gaulrk46n65yqmvzw8y_cell31	R-17	R-8	R-3
step9_Al_z54k2mn1kspqdfxi1pdr_cell4	R-17	R-5	R-39
step9_ExE_dt43yh3gij1w2up49fpj_cell8	R-17	R-5	R-39
step9_ExE_1ydq5j6hqtviq3szwye8_cell16	R-17	R-5	R-39
step9_Ery2_m5db6slty57jeyg5idqx_cell7	R-17	R-8	R-3
step9_PM_kpdnxg85a5qombh983pv_cell42	R-17	R-8	R-3
step9_MTr_44btmtxi46cfowc9syvd_cell9	R-17	R-8	R-11
step9_MTr_61rwktv5g75j1vntxmrl_cell7	R-17	R-8	R-11
step9_PM_kpdnxg85a5qombh983pv_cell10	R-17	R-8	R-15
step9_A/C_ds2q4kalqkri4b1byfoj_cell48	R-17	R-8	R-15
step9_ExE_dt43yh3gij1w2up49fpj_cell1	R-17	R-8	R-3
step9_ExE_1ydq5j6hqtviq3szwye8_cell10	R-17	R-8	R-3
step9_NP_hit8gicey5zr7mbaajge_cell20	R-17	R-5	R-1
step9_Node_kvpbk7oi2ydniesu7m28_cell5	R-17	R-5	R-1
step9_NP_vlugemo4cu261xpcfn4j_cell26	R-17	R-16	R-2
step9_SE_yw3ew6vii1be2orhxeb8_cell19	R-17	R-16	R-2
step9_Ery2_zw9lmt4zufshxoc82duc_cell43	R-17	R-8	R-3
step9_Foregut_64itb6yij735r7vqfut3_cell57	R-17	R-8	R-3
step9_LM_qercie7fjaw58haxrm3q_cell6	R-17	R-5	R-2
step9_A/C_bk23hxe4fsv49ymr63ci_cell1	R-17	R-5	R-2
step9_LM_kuj17xxdn4jx763q5vei_cell6	R-17	R-8	R-15
step9_Foregut_bnowzacs3e9lx8c7ierz_cell9	R-17	R-8	R-15
step9_A/C_ds2q4kalqkri4b1byfoj_cell16	R-17	R-5	R-63
step9_RM_s7yljlsdcjgpltg9vsbz_cell46	R-17	R-5	R-63
step9_CMy_qvd1xogbwba9rj7uj5mk_cell65	R-17	R-5	R-5
step9_LM_e9gka63dh53n7ztqvekc_cell5	R-17	R-5	R-5
step9_SE_yw3ew6vii1be2orhxeb8_cell11	R-17	R-5	R-5
step9_Al_yorklxqdhms66yfz43ce_cell63	R-17	R-5	R-5
step9_NP_hit8gicey5zr7mbaajge_cell31	R-17	R-5	R-1
step9_CMy_qvd1xogbwba9rj7uj5mk_cell66	R-17	R-5	R-1
step9_Foregut_64itb6yij735r7vqfut3_cell8	R-17	R-5	R-5
step9_Ery2_m5db6slty57jeyg5idqx_cell17	R-17	R-5	R-5
step9_CMy_qvd1xogbwba9rj7uj5mk_cell2	R-17	R-5	R-39
step9_PM_heu1eskvkgta3a4cns6m_cell9	R-17	R-5	R-39
step9_SE_yw3ew6vii1be2orhxeb8_cell6	R-17	R-8	R-3
step9_RM_truofavbwy8t6xfngi6p_cell4	R-17	R-8	R-3
step9_Al_yorklxqdhms66yfz43ce_cell54	R-17	R-8	R-3
step9_NP_hit8gicey5zr7mbaajge_cell21	R-17	R-8	R-15
step9_NP_hit8gicey5zr7mbaajge_cell1	R-17	R-8	R-15
step9_Ery2_m5db6slty57jeyg5idqx_cell24	R-17	R-8	R-3
step9_RM_s7yljlsdcjgpltg9vsbz_cell64	R-17	R-8	R-3
step9_Ery2_zw9lmt4zufshxoc82duc_cell35	R-17	R-16	R-2
step9_RM_lzbkx581plse8iq6ldpb_cell2	R-17	R-8	R-3
step9_LM_ummziu8je45t8bwd1ssi_cell36	R-17	R-5	R-39
step9_Al_yorklxqdhms66yfz43ce_cell24	R-17	R-5	R-39
step9_MTr_44btmtxi46cfowc9syvd_cell28	R-17	R-8	R-60
step9_MTr_44btmtxi46cfowc9syvd_cell5	R-17	R-8	R-60
step9_Node_lgbibtzyf5dstn6amss5_cell1	R-17	R-8	R-15
step9_SE_yw3ew6vii1be2orhxeb8_cell21	R-17	R-8	R-15
step9_Al_yorklxqdhms66yfz43ce_cell5	R-17	R-5	R-5
step9_RM_fp53fcwab8nflp6mj97o_cell2	R-17	R-5	R-5
step9_NP_vlugemo4cu261xpcfn4j_cell16	R-17	R-5	R-5
step9_Al_z54k2mn1kspqdfxi1pdr_cell11	R-17	R-5	R-5
step9_RM_s7yljlsdcjgpltg9vsbz_cell51	R-17	R-8	R-3
step9_LM_ummziu8je45t8bwd1ssi_cell8	R-17	R-8	R-3
step9_A/C_s7smfc7q4yc2d7k161qt_cell11	R-17	R-8	R-3
step9_SE_yw3ew6vii1be2orhxeb8_cell16	R-17	R-8	R-3
step9_A/C_ds2q4kalqkri4b1byfoj_cell1	R-17	R-16	R-2
step9_Node_o8nez1z564u4bgkfoi8m_cell38	R-17	R-8	R-3
step9_NP_hit8gicey5zr7mbaajge_cell15	R-17	R-8	R-3
step9_ExEc_wsgftfkniik728dyrozi_cell16	R-17	R-8	R-3
step9_RM_s7yljlsdcjgpltg9vsbz_cell57	R-17	R-5	R-5
step9_Ery2_zw9lmt4zufshxoc82duc_cell48	R-17	R-5	R-5
step9_PM_kpdnxg85a5qombh983pv_cell50	R-17	R-8	R-15
step9_PM_heu1eskvkgta3a4cns6m_cell11	R-17	R-8	R-15
step9_ExE_nibp8ht25gt3rmx9o78s_cell19	R-17	R-8	R-3
step9_ExE_1ydq5j6hqtviq3szwye8_cell35	R-17	R-8	R-3
step9_SE_lxd8eign6rhgfldgoicm_cell6	R-17	R-5	R-5
step9_RM_lzbkx581plse8iq6ldpb_cell10	R-17	R-5	R-5
step9_SE_4px85t8ebc9pblit7nfo_cell27	R-17	R-8	R-15
step9_SE_4fucqez9g6jv8gns94d7_cell1	R-17	R-8	R-15
step9_LM_ummziu8je45t8bwd1ssi_cell44	R-17	R-8	R-3
step9_Ery2_zw9lmt4zufshxoc82duc_cell30	R-17	R-8	R-3
step9_RM_s7yljlsdcjgpltg9vsbz_cell27	R-17	R-5	R-2
step9_Ery2_mfn5jvp7o4m6g9c5qfgj_cell1	R-17	R-5	R-2
step9_SE_yw3ew6vii1be2orhxeb8_cell25	R-17	R-5	R-5
step9_Node_o8nez1z564u4bgkfoi8m_cell47	R-17	R-5	R-5
step9_Ery2_1qnmofnadh7s44dxph8l_cell2	R-17	R-8	R-3
step9_Al_z54k2mn1kspqdfxi1pdr_cell19	R-17	R-8	R-3
step9_LM_ummziu8je45t8bwd1ssi_cell57	R-17	R-8	R-3
step9_SE_lxd8eign6rhgfldgoicm_cell13	R-17	R-8	R-3
step9_PM_kpdnxg85a5qombh983pv_cell46	R-17	R-8	R-3
step9_Al_yorklxqdhms66yfz43ce_cell67	R-17	R-8	R-3
step9_Ery2_zw9lmt4zufshxoc82duc_cell22	R-17	R-8	R-3
step9_LM_ummziu8je45t8bwd1ssi_cell16	R-17	R-8	R-3
step9_Foregut_64itb6yij735r7vqfut3_cell38	R-17	R-8	R-3
step9_Foregut_64itb6yij735r7vqfut3_cell50	R-17	R-8	R-3
step9_VE_dt1zyooaebih7jfyog3r_cell24	R-17	R-8	R-3
step9_Foregut1_9gaulrk46n65yqmvzw8y_cell29	R-17	R-8	R-3
step9_Foregut_64itb6yij735r7vqfut3_cell62	R-17	R-8	R-15
step9_LM_ummziu8je45t8bwd1ssi_cell24	R-17	R-8	R-15
step9_NP_vlugemo4cu261xpcfn4j_cell6	R-17	R-8	R-3
step9_SE_yw3ew6vii1be2orhxeb8_cell40	R-17	R-8	R-3
step9_LM_ummziu8je45t8bwd1ssi_cell3	R-17	R-8	R-3
step9_RM_s7yljlsdcjgpltg9vsbz_cell11	R-17	R-8	R-3
step9_Ery2_m5db6slty57jeyg5idqx_cell25	R-17	R-8	R-3
step9_Node_o8nez1z564u4bgkfoi8m_cell42	R-17	R-8	R-3
step9_ExE_nibp8ht25gt3rmx9o78s_cell35	R-17	R-5	R-39
step9_ExE_dt43yh3gij1w2up49fpj_cell11	R-17	R-5	R-39
step9_VE_kewg3vf3pyzl626kck29_cell3	R-17	R-8	R-3
step9_VE_kewg3vf3pyzl626kck29_cell7	R-17	R-8	R-3
step9_ExEc_wsgftfkniik728dyrozi_cell3	R-17	R-8	R-17
step9_ExEc_os9ehd1zh2z9fdsjln4g_cell3	R-17	R-8	R-7
step9_ExE_nibp8ht25gt3rmx9o78s_cell6	R-17	R-5	R-39
step9_ExE_nibp8ht25gt3rmx9o78s_cell20	R-17	R-5	R-39
step9_Node_o8nez1z564u4bgkfoi8m_cell26	R-17	R-8	R-15
step9_SE_4px85t8ebc9pblit7nfo_cell28	R-17	R-8	R-15
step9_Foregut_64itb6yij735r7vqfut3_cell59	R-17	R-8	R-3
step9_A/C_ds2q4kalqkri4b1byfoj_cell58	R-17	R-8	R-3
step9_PM_kpdnxg85a5qombh983pv_cell43	R-17	R-5	R-7
step9_PM_heu1eskvkgta3a4cns6m_cell24	R-17	R-5	R-4
step9_Node_kvpbk7oi2ydniesu7m28_cell31	R-17	R-8	R-3
step9_CMy_qvd1xogbwba9rj7uj5mk_cell74	R-17	R-8	R-15
step9_A/C_ds2q4kalqkri4b1byfoj_cell31	R-17	R-8	R-15
step9_LM_ummziu8je45t8bwd1ssi_cell1	R-17	R-8	R-3
step9_SE_4px85t8ebc9pblit7nfo_cell10	R-17	R-8	R-3
step9_Al_c3aghy74jfkm44okergt_cell1	R-17	R-8	R-3
step9_Node_kvpbk7oi2ydniesu7m28_cell29	R-17	R-8	R-3
step9_Ery2_wkuorw7cjueod1jo39ov_cell4	R-17	R-8	R-3
step9_Foregut_bnowzacs3e9lx8c7ierz_cell15	R-17	R-8	R-3
step9_MTr_44btmtxi46cfowc9syvd_cell27	R-17	R-8	R-3
step9_MTr_44btmtxi46cfowc9syvd_cell17	R-17	R-8	R-3
step9_Al_yorklxqdhms66yfz43ce_cell13	R-17	R-5	R-6
step9_PM_heu1eskvkgta3a4cns6m_cell12	R-17	R-5	R-6
step9_Foregut1_gudjywy141fkwd599nkx_cell2	R-17	R-8	R-3
step9_Foregut1_vdqe4sttl8x4tibsrkan_cell20	R-17	R-8	R-3
step9_MTr_44btmtxi46cfowc9syvd_cell4	R-17	R-8	R-15
step9_MTr_dv2s451wzf8ww51y74bw_cell25	R-17	R-8	R-15
step9_Node_o8nez1z564u4bgkfoi8m_cell31	R-17	R-5	R-2
step9_RM_vlj6ritogqrsg19hz62p_cell1	R-17	R-5	R-2
step9_NP_hit8gicey5zr7mbaajge_cell8	R-17	R-8	R-15
step9_NP_vlugemo4cu261xpcfn4j_cell40	R-17	R-8	R-15
step9_CMy_qvd1xogbwba9rj7uj5mk_cell61	R-17	R-5	R-5
step9_LM_ummziu8je45t8bwd1ssi_cell54	R-17	R-5	R-5
step9_Ery2_1qnmofnadh7s44dxph8l_cell6	R-17	R-5	R-8
step9_Ery2_zw9lmt4zufshxoc82duc_cell28	R-17	R-5	R-8
step9_MTr_dv2s451wzf8ww51y74bw_cell7	R-17	R-8	R-2
step9_MTr_44btmtxi46cfowc9syvd_cell36	R-17	R-8	R-2
step9_NP_hit8gicey5zr7mbaajge_cell24	R-17	R-8	R-3
step9_SE_lxd8eign6rhgfldgoicm_cell4	R-17	R-8	R-3
step9_RM_s7yljlsdcjgpltg9vsbz_cell44	R-17	R-8	R-3
step9_LM_ummziu8je45t8bwd1ssi_cell48	R-17	R-8	R-3
step9_Ery2_m5db6slty57jeyg5idqx_cell19	R-17	R-8	R-3
step9_Al_z54k2mn1kspqdfxi1pdr_cell15	R-17	R-8	R-3
step9_Al_yorklxqdhms66yfz43ce_cell15	R-17	R-16	R-2
step9_NP_vlugemo4cu261xpcfn4j_cell25	R-17	R-5	R-2
step9_CMy_8cwhctqtitt969yivr3t_cell15	R-17	R-5	R-2
step9_Al_yorklxqdhms66yfz43ce_cell65	R-17	R-5	R-5
step9_CMy_8cwhctqtitt969yivr3t_cell10	R-17	R-5	R-5
step9_Foregut1_vdqe4sttl8x4tibsrkan_cell1	R-17	R-5	R-39
step9_Foregut1_3ae9425majht8ho62hhe_cell1	R-17	R-5	R-39
step9_Node_kvpbk7oi2ydniesu7m28_cell17	R-17	R-5	R-1
step9_Al_yorklxqdhms66yfz43ce_cell53	R-17	R-5	R-1
step9_LM_ummziu8je45t8bwd1ssi_cell21	R-17	R-16	R-2
step9_LM_ummziu8je45t8bwd1ssi_cell29	R-17	R-16	R-2
step9_Foregut_64itb6yij735r7vqfut3_cell13	R-17	R-8	R-15
step9_CMy_qvd1xogbwba9rj7uj5mk_cell51	R-17	R-5	R-2
step9_Node_kvpbk7oi2ydniesu7m28_cell20	R-17	R-8	R-3
step9_RM_lzbkx581plse8iq6ldpb_cell8	R-17	R-8	R-3
step9_Foregut_lhbxjqv3ixy35wujppe8_cell3	R-17	R-8	R-3
step9_Node_glls82spkfcbvh82h484_cell1	R-17	R-8	R-3
step9_LM_kuj17xxdn4jx763q5vei_cell4	R-17	R-5	R-2
step9_Ery2_wkuorw7cjueod1jo39ov_cell2	R-17	R-5	R-2
step9_Ery2_zw9lmt4zufshxoc82duc_cell47	R-17	R-5	R-2
step9_Ery2_m5db6slty57jeyg5idqx_cell30	R-17	R-5	R-2
step9_RM_s7yljlsdcjgpltg9vsbz_cell38	R-17	R-5	R-5
step9_LM_e9gka63dh53n7ztqvekc_cell9	R-17	R-5	R-5
step9_CMy_qvd1xogbwba9rj7uj5mk_cell73	R-17	R-8	R-3
step9_RM_truofavbwy8t6xfngi6p_cell8	R-17	R-8	R-3
step9_Al_yorklxqdhms66yfz43ce_cell7	R-17	R-5	R-39
step9_A/C_ds2q4kalqkri4b1byfoj_cell37	R-17	R-5	R-39
step9_A/C_ds2q4kalqkri4b1byfoj_cell69	R-17	R-8	R-15
step9_PM_9u6dhwi8p7lgpghj585d_cell1	R-17	R-8	R-15
step9_Ery2_m5db6slty57jeyg5idqx_cell20	R-17	R-8	R-15
step9_Node_o8nez1z564u4bgkfoi8m_cell35	R-17	R-8	R-15
step9_CMy_qvd1xogbwba9rj7uj5mk_cell29	R-17	R-5	R-1
step9_Al_yorklxqdhms66yfz43ce_cell10	R-17	R-5	R-1
step9_MTr_44btmtxi46cfowc9syvd_cell18	R-17	R-8	R-3
step9_MTr_44btmtxi46cfowc9syvd_cell29	R-17	R-8	R-3
step9_Foregut1_9gaulrk46n65yqmvzw8y_cell26	R-17	R-5	R-5
step9_Foregut_64itb6yij735r7vqfut3_cell51	R-17	R-5	R-2
step9_Node_glls82spkfcbvh82h484_cell3	R-17	R-8	R-3
step9_Node_o8nez1z564u4bgkfoi8m_cell6	R-17	R-8	R-3
step9_A/C_ds2q4kalqkri4b1byfoj_cell44	R-17	R-8	R-3
step9_RM_fp53fcwab8nflp6mj97o_cell3	R-17	R-8	R-3
step9_CMy_qvd1xogbwba9rj7uj5mk_cell71	R-17	R-5	R-2
step9_PM_kpdnxg85a5qombh983pv_cell8	R-17	R-5	R-2
step9_Ery2_m5db6slty57jeyg5idqx_cell5	R-17	R-8	R-15
step9_Ery2_zw9lmt4zufshxoc82duc_cell21	R-17	R-8	R-15
step9_ExEc_os9ehd1zh2z9fdsjln4g_cell2	R-17	R-8	R-3
step9_ExEc_28yb9pgez73wp6bfoxpp_cell2	R-17	R-8	R-3
step9_CMy_qvd1xogbwba9rj7uj5mk_cell58	R-17	R-8	R-3
step9_LM_qercie7fjaw58haxrm3q_cell13	R-17	R-8	R-3
step9_MTr_61rwktv5g75j1vntxmrl_cell5	R-17	R-8	R-3
step9_MTr_44btmtxi46cfowc9syvd_cell34	R-17	R-8	R-3
step9_Ery2_zw9lmt4zufshxoc82duc_cell52	R-17	R-5	R-2
step9_Ery2_zw9lmt4zufshxoc82duc_cell16	R-17	R-5	R-2
step9_LM_kuj17xxdn4jx763q5vei_cell1	R-17	R-8	R-3
step9_RM_s7yljlsdcjgpltg9vsbz_cell65	R-17	R-8	R-3
step9_CMy_qvd1xogbwba9rj7uj5mk_cell68	R-17	R-16	R-2
step9_LM_e9gka63dh53n7ztqvekc_cell4	R-17	R-16	R-2
step9_MTr_44btmtxi46cfowc9syvd_cell26	R-17	R-8	R-3
step9_MTr_99bpipxlo89jvcp2vr46_cell1	R-17	R-8	R-3
step9_VE_kewg3vf3pyzl626kck29_cell1	R-17	R-5	R-2
step9_PM_heu1eskvkgta3a4cns6m_cell18	R-17	R-8	R-15
step9_A/C_ds2q4kalqkri4b1byfoj_cell18	R-17	R-8	R-15
step9_Al_yorklxqdhms66yfz43ce_cell8	R-17	R-8	R-3
step9_Al_jgizln3zmbz2ah74e6ds_cell1	R-17	R-8	R-3
step9_LM_ummziu8je45t8bwd1ssi_cell37	R-17	R-5	R-39
step9_Al_yorklxqdhms66yfz43ce_cell55	R-17	R-5	R-39
step9_LM_ummziu8je45t8bwd1ssi_cell30	R-17	R-8	R-15
step9_LM_sz7m7b6t1i6ev6bp2io1_cell1	R-17	R-8	R-15
step9_Ery2_zw9lmt4zufshxoc82duc_cell12	R-17	R-8	R-3
step9_Ery2_zw9lmt4zufshxoc82duc_cell13	R-17	R-8	R-3
step9_Foregut1_9gaulrk46n65yqmvzw8y_cell36	R-17	R-5	R-2
step9_Foregut_64itb6yij735r7vqfut3_cell34	R-17	R-5	R-2
step9_Foregut_bnowzacs3e9lx8c7ierz_cell3	R-17	R-5	R-2
step9_LM_e9gka63dh53n7ztqvekc_cell6	R-17	R-8	R-3
step9_Al_yorklxqdhms66yfz43ce_cell16	R-17	R-8	R-3
step9_Ery2_zw9lmt4zufshxoc82duc_cell26	R-17	R-16	R-2
step9_Ery2_zw9lmt4zufshxoc82duc_cell34	R-17	R-16	R-2
step9_Ery2_m5db6slty57jeyg5idqx_cell8	R-17	R-16	R-2
step9_Ery2_zw9lmt4zufshxoc82duc_cell7	R-17	R-16	R-2
step9_NP_vlugemo4cu261xpcfn4j_cell2	R-17	R-16	R-2
step9_NP_vlugemo4cu261xpcfn4j_cell39	R-17	R-16	R-2
step9_PM_kpdnxg85a5qombh983pv_cell28	R-17	R-8	R-3
step9_Node_o8nez1z564u4bgkfoi8m_cell40	R-17	R-8	R-3
step9_Ery2_m5db6slty57jeyg5idqx_cell22	R-17	R-16	R-2
step9_RM_s7yljlsdcjgpltg9vsbz_cell14	R-17	R-16	R-2
step9_Node_kvpbk7oi2ydniesu7m28_cell32	R-17	R-5	R-2
step9_Node_kvpbk7oi2ydniesu7m28_cell2	R-17	R-5	R-2
step9_LM_kuj17xxdn4jx763q5vei_cell2	R-17	R-8	R-3
step9_ExEc_28yb9pgez73wp6bfoxpp_cell7	R-17	R-8	R-3
step9_ExEc_8192ft5qmlxe47k7cbgd_cell1	R-17	R-8	R-3
step9_ExEc_28yb9pgez73wp6bfoxpp_cell9	R-17	R-8	R-2
step9_ExEc_28yb9pgez73wp6bfoxpp_cell4	R-17	R-8	R-2
step9_Node_o8nez1z564u4bgkfoi8m_cell9	R-17	R-16	R-2
step9_Foregut_64itb6yij735r7vqfut3_cell28	R-17	R-16	R-2
step9_A/C_aqxukpwbp9bfzyy33zt9_cell1	R-17	R-5	R-3
step9_CMy_8cwhctqtitt969yivr3t_cell13	R-17	R-5	R-7
step9_Foregut1_9gaulrk46n65yqmvzw8y_cell15	R-17	R-8	R-3
step9_Foregut1_vdqe4sttl8x4tibsrkan_cell11	R-17	R-8	R-3
step9_Foregut1_vdqe4sttl8x4tibsrkan_cell33	R-17	R-8	R-3
step9_Foregut_64itb6yij735r7vqfut3_cell44	R-17	R-8	R-3
step9_PM_kpdnxg85a5qombh983pv_cell47	R-17	R-8	R-3
step9_SE_kdg3n78tbr8ibskgdk6c_cell3	R-17	R-8	R-3
step9_SE_yw3ew6vii1be2orhxeb8_cell20	R-17	R-8	R-3
step9_Foregut1_9gaulrk46n65yqmvzw8y_cell14	R-17	R-5	R-88
step9_Foregut1_vdqe4sttl8x4tibsrkan_cell44	R-17	R-5	R-88
step9_Al_z54k2mn1kspqdfxi1pdr_cell3	R-17	R-5	R-2
step9_PM_heu1eskvkgta3a4cns6m_cell17	R-17	R-5	R-2
step9_ExEc_wsgftfkniik728dyrozi_cell33	R-17	R-8	R-3
step9_ExEc_wsgftfkniik728dyrozi_cell7	R-17	R-8	R-3
step9_Foregut1_vdqe4sttl8x4tibsrkan_cell14	R-17	R-16	R-2
step9_MTr_61rwktv5g75j1vntxmrl_cell13	R-17	R-8	R-3
step9_MTr_tox4gofgzxkyggtufbv7_cell5	R-17	R-8	R-3
step9_MTr_dv2s451wzf8ww51y74bw_cell30	R-17	R-8	R-3
step9_MTr_dv2s451wzf8ww51y74bw_cell28	R-17	R-8	R-3
step9_MTr_dv2s451wzf8ww51y74bw_cell31	R-17	R-8	R-3
step9_MTr_dv2s451wzf8ww51y74bw_cell26	R-17	R-8	R-3
step9_PM_4wybcp8sjowpblyxkdaz_cell3	R-17	R-8	R-3
step9_PM_kpdnxg85a5qombh983pv_cell18	R-17	R-8	R-3
step9_A/C_ds2q4kalqkri4b1byfoj_cell20	R-17	R-5	R-5
step9_A/C_ds2q4kalqkri4b1byfoj_cell22	R-17	R-5	R-5
step9_Ery2_zw9lmt4zufshxoc82duc_cell49	R-17	R-8	R-3
step9_Ery2_1qnmofnadh7s44dxph8l_cell3	R-17	R-8	R-3
step9_MTr_dv2s451wzf8ww51y74bw_cell5	R-17	R-8	R-3
step9_MTr_dv2s451wzf8ww51y74bw_cell22	R-17	R-8	R-3
step9_Foregut1_9gaulrk46n65yqmvzw8y_cell35	R-17	R-5	R-5
step9_Ery2_zw9lmt4zufshxoc82duc_cell37	R-17	R-8	R-3
step9_Foregut_rz3p7spgsnvsbhe7ggkk_cell3	R-17	R-8	R-15
step9_Foregut_64itb6yij735r7vqfut3_cell5	R-17	R-8	R-15
step9_RM_s7yljlsdcjgpltg9vsbz_cell37	R-17	R-5	R-1
step9_RM_lzbkx581plse8iq6ldpb_cell1	R-17	R-5	R-1
step9_RM_s7yljlsdcjgpltg9vsbz_cell36	R-17	R-5	R-39
step9_PM_4wybcp8sjowpblyxkdaz_cell11	R-17	R-5	R-39
step9_VE_dt1zyooaebih7jfyog3r_cell28	R-17	R-5	R-39
step9_VE_hmxclegm439eennvbngz_cell1	R-17	R-5	R-39
step9_Al_yorklxqdhms66yfz43ce_cell25	R-17	R-5	R-5
step9_CMy_qvd1xogbwba9rj7uj5mk_cell26	R-17	R-5	R-5
step9_A/C_ds2q4kalqkri4b1byfoj_cell3	R-17	R-5	R-5
step9_A/C_ds2q4kalqkri4b1byfoj_cell59	R-17	R-5	R-5
step9_VE_fp7uuy3ecudnfyzvtnmf_cell4	R-17	R-8	R-3
step9_VE_iblms369zydmqt8amgrd_cell31	R-17	R-8	R-3
step9_Foregut1_vdqe4sttl8x4tibsrkan_cell43	R-17	R-8	R-3
step9_Foregut1_vdqe4sttl8x4tibsrkan_cell34	R-17	R-8	R-3
step9_Foregut1_vdqe4sttl8x4tibsrkan_cell28	R-17	R-8	R-3
step9_Foregut1_vdqe4sttl8x4tibsrkan_cell41	R-17	R-8	R-3
step9_Foregut1_vdqe4sttl8x4tibsrkan_cell35	R-17	R-8	R-3
step9_Foregut1_9gaulrk46n65yqmvzw8y_cell5	R-17	R-8	R-3
step9_Foregut1_vdqe4sttl8x4tibsrkan_cell40	R-17	R-5	R-10
step9_Foregut1_9gaulrk46n65yqmvzw8y_cell16	R-17	R-5	R-10
step9_Foregut_64itb6yij735r7vqfut3_cell52	R-17	R-8	R-3
step9_Node_o8nez1z564u4bgkfoi8m_cell13	R-17	R-8	R-3
step9_Foregut1_9gaulrk46n65yqmvzw8y_cell19	R-17	R-8	R-3
step9_Foregut1_rdnqst4e2w61v2axtkq1_cell1	R-17	R-8	R-3
step9_ExEc_ee47pq1arpwcxmrb8dby_cell2	R-17	R-8	R-3
step9_PM_kpdnxg85a5qombh983pv_cell51	R-17	R-5	R-2
step9_PM_kpdnxg85a5qombh983pv_cell2	R-17	R-5	R-2
step9_LM_ummziu8je45t8bwd1ssi_cell10	R-17	R-16	R-2
step9_PM_kpdnxg85a5qombh983pv_cell56	R-17	R-16	R-2
step9_Node_o8nez1z564u4bgkfoi8m_cell14	R-17	R-5	R-39
step9_Node_5tdrrpvvp4xgwpzi9614_cell1	R-17	R-5	R-39
step9_MTr_44btmtxi46cfowc9syvd_cell25	R-17	0	R-2
step9_MTr_61rwktv5g75j1vntxmrl_cell12	R-17	R-290	R-2
step9_SE_yw3ew6vii1be2orhxeb8_cell9	R-17	R-5	R-2
step9_SE_yw3ew6vii1be2orhxeb8_cell10	R-17	R-5	R-2
step9_A/C_aqxukpwbp9bfzyy33zt9_cell7	R-17	R-8	R-3
step9_Node_kvpbk7oi2ydniesu7m28_cell10	R-17	R-5	R-5
step9_Node_kvpbk7oi2ydniesu7m28_cell21	R-17	R-5	R-5
step9_Node_o8nez1z564u4bgkfoi8m_cell49	R-17	R-5	R-1
step9_Foregut1_3ae9425majht8ho62hhe_cell8	R-17	R-5	R-19
step9_Foregut1_vdqe4sttl8x4tibsrkan_cell7	R-17	R-5	R-5
step9_VE_dt1zyooaebih7jfyog3r_cell18	R-17	R-5	R-88
step9_VE_dt1zyooaebih7jfyog3r_cell15	R-17	R-5	R-88
step9_A/C_s7smfc7q4yc2d7k161qt_cell4	R-17	R-5	R-5
step9_A/C_s7smfc7q4yc2d7k161qt_cell9	R-17	R-5	R-5
step9_Ery2_wkuorw7cjueod1jo39ov_cell1	R-17	R-8	R-3
step9_Ery2_zw9lmt4zufshxoc82duc_cell2	R-17	R-8	R-3
step9_Foregut1_9gaulrk46n65yqmvzw8y_cell2	R-17	R-5	R-27
step9_Foregut1_vdqe4sttl8x4tibsrkan_cell45	R-17	R-5	R-27
step9_Ery2_zw9lmt4zufshxoc82duc_cell44	R-17	R-8	R-3
step9_Ery2_zw9lmt4zufshxoc82duc_cell39	R-17	R-8	R-3
step9_Node_kvpbk7oi2ydniesu7m28_cell15	R-17	R-8	R-3
step9_Node_o8nez1z564u4bgkfoi8m_cell19	R-17	R-8	R-3
step9_Foregut1_9gaulrk46n65yqmvzw8y_cell22	R-17	R-8	R-15
step9_Foregut1_vdqe4sttl8x4tibsrkan_cell39	R-17	R-8	R-15
step9_Foregut1_3ae9425majht8ho62hhe_cell7	R-17	R-8	R-3
step9_Foregut1_ors3hupeh3rncv4i6c5p_cell2	R-17	R-8	R-3
step9_A/C_ds2q4kalqkri4b1byfoj_cell6	R-17	R-8	R-15
step9_RM_s7yljlsdcjgpltg9vsbz_cell61	R-17	R-8	R-15
step9_Node_o8nez1z564u4bgkfoi8m_cell1	R-17	R-5	R-2
step9_Node_o8nez1z564u4bgkfoi8m_cell33	R-17	R-5	R-2
step9_Foregut1_3ae9425majht8ho62hhe_cell6	R-17	R-5	R-2
step9_Foregut1_9gaulrk46n65yqmvzw8y_cell17	R-17	R-5	R-2
step9_Foregut1_9gaulrk46n65yqmvzw8y_cell25	R-17	R-5	R-10
step9_Foregut1_9gaulrk46n65yqmvzw8y_cell21	R-17	R-5	R-10
step9_A/C_ds2q4kalqkri4b1byfoj_cell60	R-17	R-8	R-3
step9_A/C_ds2q4kalqkri4b1byfoj_cell67	R-17	R-8	R-3
step9_LM_ummziu8je45t8bwd1ssi_cell13	R-17	R-8	R-15
step9_LM_ummziu8je45t8bwd1ssi_cell63	R-17	R-8	R-15
step9_MTr_44btmtxi46cfowc9syvd_cell32	R-17	R-8	R-3
step9_MTr_99bpipxlo89jvcp2vr46_cell4	R-17	R-8	R-3
step9_Foregut1_3ae9425majht8ho62hhe_cell9	R-17	R-8	R-3
step9_Foregut1_3ae9425majht8ho62hhe_cell5	R-17	R-8	R-3
step9_A/C_ds2q4kalqkri4b1byfoj_cell56	R-17	R-8	R-15
step9_A/C_ds2q4kalqkri4b1byfoj_cell50	R-17	R-8	R-15
step9_NP_hit8gicey5zr7mbaajge_cell29	R-17	R-5	R-1
step9_NP_hit8gicey5zr7mbaajge_cell23	R-17	R-5	R-1
step9_A/C_aqxukpwbp9bfzyy33zt9_cell4	R-17	R-8	R-3
step9_A/C_aqxukpwbp9bfzyy33zt9_cell3	R-17	R-8	R-3
step9_Foregut1_755xqxqqv9sb1mtrz9yg_cell1	R-17	R-5	R-5
step9_Node_bh314u99snu3vvkkjrzy_cell2	R-17	R-5	R-2
step9_Node_kvpbk7oi2ydniesu7m28_cell34	R-17	R-5	R-2
step9_Foregut1_9gaulrk46n65yqmvzw8y_cell24	R-17	R-5	R-5
step9_Foregut1_9gaulrk46n65yqmvzw8y_cell34	R-17	R-8	R-3
step9_Foregut1_9gaulrk46n65yqmvzw8y_cell32	R-17	R-8	R-3
step9_Foregut1_vdqe4sttl8x4tibsrkan_cell30	R-17	R-5	R-19
step9_Foregut1_9gaulrk46n65yqmvzw8y_cell18	R-17	R-5	R-19
step9_Foregut_64itb6yij735r7vqfut3_cell53	R-17	R-5	R-2
step9_Foregut_5pd1g2sm4l6dpcwuqwdd_cell1	R-17	R-5	R-2
step9_A/C_ds2q4kalqkri4b1byfoj_cell2	R-17	R-8	R-3
step9_A/C_ds2q4kalqkri4b1byfoj_cell7	R-17	R-8	R-3
step9_Al_yorklxqdhms66yfz43ce_cell28	R-17	R-8	R-15
step9_A/C_ds2q4kalqkri4b1byfoj_cell70	R-17	R-8	R-15
step9_A/C_s7smfc7q4yc2d7k161qt_cell7	R-17	R-5	R-5
step9_A/C_ds2q4kalqkri4b1byfoj_cell5	R-17	R-5	R-5
step9_ExEc_wsgftfkniik728dyrozi_cell9	R-17	R-8	R-3
step9_ExEc_wsgftfkniik728dyrozi_cell12	R-17	R-8	R-3
step9_Ery2_m5db6slty57jeyg5idqx_cell9	R-17	R-5	R-8
step9_Ery2_m5db6slty57jeyg5idqx_cell3	R-17	R-5	R-8
step9_A/C_aqxukpwbp9bfzyy33zt9_cell13	R-17	R-8	R-3
step9_A/C_aqxukpwbp9bfzyy33zt9_cell2	R-17	R-8	R-3
step9_Foregut_64itb6yij735r7vqfut3_cell42	R-17	R-5	R-1
step9_Foregut_64itb6yij735r7vqfut3_cell24	R-17	R-5	R-1
step9_Foregut1_3ae9425majht8ho62hhe_cell3	R-17	R-16	R-2
step9_CMy_qvd1xogbwba9rj7uj5mk_cell45	R-17	R-16	R-2
step9_CMy_2ydwxvzgpsvtg3p4gs1m_cell6	R-17	R-16	R-2
step9_Foregut1_vdqe4sttl8x4tibsrkan_cell15	R-17	R-5	R-5
step9_Foregut1_vdqe4sttl8x4tibsrkan_cell19	R-17	R-5	R-5
step9_A/C_ds2q4kalqkri4b1byfoj_cell41	R-17	R-8	R-3
step9_A/C_ds2q4kalqkri4b1byfoj_cell38	R-17	R-8	R-3
step9_A/C_ds2q4kalqkri4b1byfoj_cell42	R-17	R-8	R-3
step9_A/C_ds2q4kalqkri4b1byfoj_cell27	R-17	R-8	R-3
step9_A/C_ds2q4kalqkri4b1byfoj_cell43	R-17	R-8	R-3
step9_A/C_ds2q4kalqkri4b1byfoj_cell49	R-17	R-8	R-3
step9_Foregut1_ors3hupeh3rncv4i6c5p_cell5	R-17	R-8	R-3
step9_Foregut1_9gaulrk46n65yqmvzw8y_cell8	R-17	R-16	R-2
step9_Foregut1_ors3hupeh3rncv4i6c5p_cell1	R-17	R-16	R-2
step9_LM_ummziu8je45t8bwd1ssi_cell2	R-17	R-5	R-1
step9_LM_ummziu8je45t8bwd1ssi_cell11	R-17	R-5	R-1
step9_A/C_ds2q4kalqkri4b1byfoj_cell35	R-17	R-8	R-15
step9_A/C_ds2q4kalqkri4b1byfoj_cell40	R-17	R-8	R-15
step9_A/C_ds2q4kalqkri4b1byfoj_cell33	R-17	R-8	R-3
step9_A/C_ds2q4kalqkri4b1byfoj_cell36	R-17	R-8	R-3
step9_A/C_ds2q4kalqkri4b1byfoj_cell12	R-17	R-5	R-5
step9_A/C_ds2q4kalqkri4b1byfoj_cell15	R-17	R-5	R-5
step9_LM_qercie7fjaw58haxrm3q_cell7	R-17	R-8	R-15
step9_LM_qercie7fjaw58haxrm3q_cell10	R-17	R-8	R-15
step9_Ery2_m5db6slty57jeyg5idqx_cell12	R-17	R-8	R-3
step9_Ery2_m5db6slty57jeyg5idqx_cell10	R-17	R-8	R-3
step9_A/C_s7smfc7q4yc2d7k161qt_cell5	R-17	R-8	R-3
step9_A/C_s7smfc7q4yc2d7k161qt_cell3	R-17	R-8	R-3
step9_Foregut1_vdqe4sttl8x4tibsrkan_cell25	R-17	R-16	R-2
step9_Foregut1_vdqe4sttl8x4tibsrkan_cell23	R-17	R-16	R-2
step9_Foregut1_vdqe4sttl8x4tibsrkan_cell27	R-17	R-16	R-2
step9_Foregut1_vdqe4sttl8x4tibsrkan_cell22	R-17	R-16	R-2
step9_A/C_ds2q4kalqkri4b1byfoj_cell54	R-17	R-8	R-3
step9_A/C_ds2q4kalqkri4b1byfoj_cell45	R-17	R-8	R-3
step9_A/C_px55avgxqz8ox8979x11_cell2	R-17	R-5	R-1
step9_A/C_s7smfc7q4yc2d7k161qt_cell1	R-17	R-5	R-1
step9_Foregut1_ors3hupeh3rncv4i6c5p_cell4	R-17	R-8	R-3
step9_Foregut1_ors3hupeh3rncv4i6c5p_cell3	R-17	R-8	R-3
step9_Foregut1_9gaulrk46n65yqmvzw8y_cell23	R-17	R-5	R-5
step9_Foregut1_9gaulrk46n65yqmvzw8y_cell28	R-17	R-5	R-5
step9_ExE_nibp8ht25gt3rmx9o78s_cell2	R-17	R-8	R-3
step9_ExE_nibp8ht25gt3rmx9o78s_cell1	R-17	R-8	R-3
step9_Foregut1_9gaulrk46n65yqmvzw8y_cell10	R-17	R-5	R-2
step9_Foregut1_9gaulrk46n65yqmvzw8y_cell7	R-17	R-5	R-2
step9_Foregut_5pd1g2sm4l6dpcwuqwdd_cell5	R-17	R-8	R-3
step9_Foregut_5pd1g2sm4l6dpcwuqwdd_cell6	R-17	R-8	R-3
step9_MTr_tox4gofgzxkyggtufbv7_cell3	R-17	R-8	R-3
step9_MTr_tox4gofgzxkyggtufbv7_cell4	R-17	R-8	R-3
step9_ExEc_28yb9pgez73wp6bfoxpp_cell22	R-17	R-8	R-4
step9_ExEc_28yb9pgez73wp6bfoxpp_cell21	R-17	R-8	R-4
step9_A/C_aqxukpwbp9bfzyy33zt9_cell11	R-17	R-8	R-3
step9_A/C_aqxukpwbp9bfzyy33zt9_cell9	R-17	R-8	R-3
step9_Foregut1_9gaulrk46n65yqmvzw8y_cell12	R-17	R-8	R-3
step9_Foregut1_9gaulrk46n65yqmvzw8y_cell13	R-17	R-8	R-3
step9_A/C_ds2q4kalqkri4b1byfoj_cell30	R-17	R-8	R-3
step9_A/C_ds2q4kalqkri4b1byfoj_cell29	R-17	R-8	R-3
